epoch (ms),time (-11:00),elapsed (s),x-axis (g),y-axis (g),z-axis (g),
1.65851E+12,2022-07-22T11:15:58.113,7.52,-0.234,-0.951,0.085,trial1
1.65851E+12,2022-07-22T11:15:58.153,7.56,-0.229,-0.961,0.082,
1.65851E+12,2022-07-22T11:15:58.193,7.6,-0.204,-0.962,0.079,
1.65851E+12,2022-07-22T11:15:58.233,7.64,-0.189,-0.959,0.087,
1.65851E+12,2022-07-22T11:15:58.273,7.68,-0.191,-0.966,0.08,
1.65851E+12,2022-07-22T11:15:58.313,7.72,-0.191,-0.964,0.068,
1.65851E+12,2022-07-22T11:15:58.353,7.76,-0.185,-0.954,0.065,
1.65851E+12,2022-07-22T11:15:58.393,7.8,-0.196,-0.955,0.071,
1.65851E+12,2022-07-22T11:15:58.433,7.84,-0.2,-0.959,0.075,
1.65851E+12,2022-07-22T11:15:58.473,7.88,-0.196,-0.963,0.08,
1.65851E+12,2022-07-22T11:15:58.513,7.92,-0.194,-0.958,0.083,
1.65851E+12,2022-07-22T11:15:58.553,7.96,-0.197,-0.953,0.081,
1.65851E+12,2022-07-22T11:15:58.593,8,-0.198,-0.956,0.08,
1.65851E+12,2022-07-22T11:15:58.633,8.04,-0.196,-0.96,0.075,
1.65851E+12,2022-07-22T11:15:58.673,8.08,-0.195,-0.961,0.075,
1.65851E+12,2022-07-22T11:15:58.713,8.12,-0.194,-0.954,0.083,
1.65851E+12,2022-07-22T11:15:58.753,8.16,-0.2,-0.959,0.083,
1.65851E+12,2022-07-22T11:15:58.793,8.2,-0.208,-0.959,0.086,
1.65851E+12,2022-07-22T11:15:58.833,8.24,-0.208,-0.955,0.083,
1.65851E+12,2022-07-22T11:15:58.873,8.28,-0.195,-0.953,0.083,
1.65851E+12,2022-07-22T11:15:58.913,8.32,-0.191,-0.957,0.08,
1.65851E+12,2022-07-22T11:15:58.953,8.36,-0.198,-0.963,0.085,
1.65851E+12,2022-07-22T11:15:58.993,8.4,-0.208,-0.958,0.088,
1.65851E+12,2022-07-22T11:15:59.033,8.44,-0.207,-0.956,0.081,
1.65851E+12,2022-07-22T11:15:59.073,8.48,-0.193,-0.958,0.082,
1.65851E+12,2022-07-22T11:15:59.113,8.52,-0.193,-0.961,0.079,
1.65851E+12,2022-07-22T11:15:59.153,8.56,-0.198,-0.962,0.081,
1.65851E+12,2022-07-22T11:15:59.193,8.6,-0.199,-0.959,0.084,
1.65851E+12,2022-07-22T11:15:59.233,8.64,-0.198,-0.954,0.086,
1.65851E+12,2022-07-22T11:15:59.273,8.68,-0.202,-0.951,0.085,
1.65851E+12,2022-07-22T11:15:59.313,8.72,-0.199,-0.956,0.086,
1.65851E+12,2022-07-22T11:15:59.353,8.76,-0.2,-0.961,0.09,
1.65851E+12,2022-07-22T11:15:59.393,8.8,-0.204,-0.958,0.089,
1.65851E+12,2022-07-22T11:15:59.433,8.84,-0.199,-0.953,0.095,
1.65851E+12,2022-07-22T11:15:59.473,8.88,-0.202,-0.953,0.095,
1.65851E+12,2022-07-22T11:15:59.513,8.92,-0.21,-0.953,0.09,
1.65851E+12,2022-07-22T11:15:59.553,8.96,-0.202,-0.957,0.089,
1.65851E+12,2022-07-22T11:15:59.593,9,-0.206,-0.96,0.096,
1.65851E+12,2022-07-22T11:15:59.633,9.04,-0.207,-0.955,0.092,
1.65851E+12,2022-07-22T11:15:59.673,9.08,-0.2,-0.952,0.087,
1.65851E+12,2022-07-22T11:15:59.713,9.12,-0.209,-0.958,0.094,
1.65851E+12,2022-07-22T11:15:59.753,9.16,-0.219,-0.955,0.099,
1.65851E+12,2022-07-22T11:15:59.793,9.2,-0.213,-0.956,0.098,
1.65851E+12,2022-07-22T11:15:59.833,9.24,-0.202,-0.956,0.093,
1.65851E+12,2022-07-22T11:15:59.873,9.28,-0.205,-0.956,0.095,
1.65851E+12,2022-07-22T11:15:59.913,9.32,-0.212,-0.952,0.095,
1.65851E+12,2022-07-22T11:15:59.953,9.36,-0.21,-0.952,0.097,
1.65851E+12,2022-07-22T11:15:59.993,9.4,-0.207,-0.957,0.094,
1.65851E+12,2022-07-22T11:16:00.033,9.44,-0.208,-0.965,0.095,
1.65851E+12,2022-07-22T11:16:00.073,9.48,-0.206,-0.964,0.095,
1.65851E+12,2022-07-22T11:16:00.113,9.52,-0.201,-0.956,0.088,
1.65851E+12,2022-07-22T11:16:00.153,9.56,-0.198,-0.957,0.08,
1.65851E+12,2022-07-22T11:16:00.193,9.6,-0.201,-0.957,0.078,
1.65851E+12,2022-07-22T11:16:00.233,9.64,-0.206,-0.961,0.077,
1.65851E+12,2022-07-22T11:16:00.273,9.68,-0.202,-0.962,0.083,
1.65851E+12,2022-07-22T11:16:00.313,9.72,-0.195,-0.967,0.08,
1.65851E+12,2022-07-22T11:16:00.353,9.76,-0.182,-0.983,0.065,
1.65851E+12,2022-07-22T11:16:00.393,9.8,-0.171,-0.996,0.08,
1.65851E+12,2022-07-22T11:16:00.433,9.84,-0.169,-0.999,0.045,
1.65851E+12,2022-07-22T11:16:00.473,9.88,-0.181,-0.98,0.074,
1.65851E+12,2022-07-22T11:16:00.513,9.92,-0.158,-0.928,0.115,
1.65851E+12,2022-07-22T11:16:00.553,9.96,-0.145,-0.936,0.086,
1.65851E+12,2022-07-22T11:16:00.593,10,-0.103,-0.966,0.104,
1.65851E+12,2022-07-22T11:16:00.633,10.04,-0.107,-0.95,0.164,
1.65851E+12,2022-07-22T11:16:00.673,10.08,-0.122,-0.878,0.168,
1.65851E+12,2022-07-22T11:16:00.713,10.12,-0.131,-0.853,0.159,
1.65851E+12,2022-07-22T11:16:00.753,10.16,-0.153,-0.928,0.172,
1.65851E+12,2022-07-22T11:16:00.793,10.2,-0.187,-0.966,0.169,
1.65851E+12,2022-07-22T11:16:00.833,10.24,-0.185,-0.947,0.174,
1.65851E+12,2022-07-22T11:16:00.873,10.28,-0.176,-0.903,0.192,
1.65851E+12,2022-07-22T11:16:00.913,10.32,-0.16,-0.846,0.183,
1.65851E+12,2022-07-22T11:16:00.953,10.36,-0.118,-0.803,0.15,
1.65851E+12,2022-07-22T11:16:00.993,10.4,-0.1,-0.782,0.127,
1.65851E+12,2022-07-22T11:16:01.033,10.44,-0.099,-0.73,0.11,
1.65851E+12,2022-07-22T11:16:01.073,10.48,-0.095,-0.666,0.087,
1.65851E+12,2022-07-22T11:16:01.113,10.52,-0.112,-0.644,0.082,
1.65851E+12,2022-07-22T11:16:01.153,10.56,-0.161,-0.737,0.111,
1.65851E+12,2022-07-22T11:16:01.193,10.6,-0.181,-0.894,0.096,
1.65851E+12,2022-07-22T11:16:01.233,10.64,-0.16,-1.001,0.065,
1.65851E+12,2022-07-22T11:16:01.273,10.68,-0.166,-1.057,0.083,
1.65851E+12,2022-07-22T11:16:01.313,10.72,-0.194,-1.065,0.099,
1.65851E+12,2022-07-22T11:16:01.353,10.76,-0.218,-1.088,0.106,
1.65851E+12,2022-07-22T11:16:01.393,10.8,-0.208,-1.073,0.092,
1.65851E+12,2022-07-22T11:16:01.433,10.84,-0.181,-1.045,0.106,
1.65851E+12,2022-07-22T11:16:01.473,10.88,-0.153,-1.017,0.108,
1.65851E+12,2022-07-22T11:16:01.513,10.92,-0.194,-0.988,0.157,
1.65851E+12,2022-07-22T11:16:01.553,10.96,-0.244,-0.91,0.234,
1.65851E+12,2022-07-22T11:16:01.593,11,-0.261,-0.972,0.265,
1.65851E+12,2022-07-22T11:16:01.633,11.04,-0.23,-1.09,0.247,
1.65851E+12,2022-07-22T11:16:01.673,11.08,-0.176,-1.182,0.224,
1.65851E+12,2022-07-22T11:16:01.713,11.12,-0.124,-1.205,0.249,
1.65851E+12,2022-07-22T11:16:01.753,11.16,-0.156,-1.174,0.297,
1.65851E+12,2022-07-22T11:16:01.793,11.2,-0.219,-1.139,0.35,
1.65851E+12,2022-07-22T11:16:01.833,11.24,-0.276,-1.092,0.521,
1.65851E+12,2022-07-22T11:16:01.873,11.28,-0.264,-1.09,0.688,
1.65851E+12,2022-07-22T11:16:01.913,11.32,-0.214,-1.162,0.791,
1.65851E+12,2022-07-22T11:16:01.953,11.36,-0.103,-1.219,0.889,
1.65851E+12,2022-07-22T11:16:01.993,11.4,-0.107,-1.335,0.876,
1.65851E+12,2022-07-22T11:16:02.033,11.44,-0.182,-1.492,0.749,
1.65851E+12,2022-07-22T11:16:02.073,11.48,-0.207,-1.616,0.611,
1.65851E+12,2022-07-22T11:16:02.113,11.52,-0.199,-1.665,0.503,
1.65851E+12,2022-07-22T11:16:02.153,11.56,-0.225,-1.583,0.467,
1.65851E+12,2022-07-22T11:16:02.193,11.6,-0.09,-1.255,0.501,
1.65851E+12,2022-07-22T11:16:02.233,11.64,0.184,-0.769,0.348,
1.65851E+12,2022-07-22T11:16:02.273,11.68,0.197,0.069,0.466,
1.65851E+12,2022-07-22T11:16:02.313,11.72,-0.217,0.546,1.052,
1.65851E+12,2022-07-22T11:16:02.353,11.76,-0.468,0.642,1.437,
1.65851E+12,2022-07-22T11:16:02.393,11.8,-0.219,0.716,1.255,
1.65851E+12,2022-07-22T11:16:02.433,11.84,-0.293,0.243,0.708,
1.65851E+12,2022-07-22T11:16:02.473,11.88,-0.404,-0.25,0.025,
1.65851E+12,2022-07-22T11:16:02.513,11.92,-0.341,-0.71,-0.444,
1.65851E+12,2022-07-22T11:16:02.553,11.96,-0.085,-0.809,-0.638,
1.65851E+12,2022-07-22T11:16:02.593,12,0.378,-0.591,-0.558,
1.65851E+12,2022-07-22T11:16:02.633,12.04,0.758,-0.362,-0.517,
1.65851E+12,2022-07-22T11:16:02.673,12.08,1.202,-0.288,-0.535,
1.65851E+12,2022-07-22T11:16:02.713,12.12,1.297,-0.759,-0.704,
1.65851E+12,2022-07-22T11:16:02.753,12.16,1.356,-0.819,-1.244,
1.65851E+12,2022-07-22T11:16:02.793,12.2,1.623,-0.734,-1.742,
1.65851E+12,2022-07-22T11:16:02.833,12.24,0.986,-0.383,-2,
1.65851E+12,2022-07-22T11:16:02.873,12.28,0.407,-1.247,-2,
1.65851E+12,2022-07-22T11:16:02.913,12.32,-0.636,-1.665,-1.458,
1.65851E+12,2022-07-22T11:16:02.953,12.36,-0.471,-0.776,-0.147,
1.65851E+12,2022-07-22T11:16:02.993,12.4,0.05,-0.258,-0.866,
1.65851E+12,2022-07-22T11:16:03.033,12.44,0.088,-0.101,-1.208,
1.65851E+12,2022-07-22T11:16:03.073,12.48,-0.034,0.021,-0.957,
1.65851E+12,2022-07-22T11:16:03.113,12.52,-0.069,0.121,-1.152,
1.65851E+12,2022-07-22T11:16:03.153,12.56,0.195,0.088,-0.932,
1.65851E+12,2022-07-22T11:16:03.193,12.6,0.412,0.074,-0.684,
1.65851E+12,2022-07-22T11:16:03.233,12.64,0.419,0.01,-0.899,
1.65851E+12,2022-07-22T11:16:03.273,12.68,0.469,-0.042,-0.967,
1.65851E+12,2022-07-22T11:16:03.313,12.72,0.414,-0.041,-0.974,
1.65851E+12,2022-07-22T11:16:03.353,12.76,0.326,-0.027,-0.908,
1.65851E+12,2022-07-22T11:16:03.393,12.8,0.314,0.01,-0.878,
1.65851E+12,2022-07-22T11:16:03.433,12.84,0.243,0.063,-1.054,
1.65851E+12,2022-07-22T11:16:03.473,12.88,0.174,0.009,-1.069,
1.65851E+12,2022-07-22T11:16:03.513,12.92,0.204,-0.08,-0.942,
1.65851E+12,2022-07-22T11:16:03.553,12.96,0.122,-0.085,-0.994,
1.65851E+12,2022-07-22T11:16:03.593,13,0.159,-0.069,-0.956,
1.65851E+12,2022-07-22T11:16:03.633,13.04,0.213,-0.061,-0.752,
1.65851E+12,2022-07-22T11:16:03.673,13.08,0.306,-0.034,-0.771,
1.65851E+12,2022-07-22T11:16:03.713,13.12,0.284,0.009,-1.128,
1.65851E+12,2022-07-22T11:16:03.753,13.16,0.295,-0.086,-1.062,
1.65851E+12,2022-07-22T11:16:03.793,13.2,0.095,-0.151,-1.133,
1.65851E+12,2022-07-22T11:16:03.833,13.24,0.355,-0.023,-1.002,
1.65851E+12,2022-07-22T11:16:03.873,13.28,0.229,-0.096,-0.926,
1.65851E+12,2022-07-22T11:16:03.913,13.32,0.107,-0.097,-0.963,
1.65851E+12,2022-07-22T11:16:03.953,13.36,0.121,-0.056,-1.004,
1.65851E+12,2022-07-22T11:16:03.993,13.4,0.248,-0.05,-0.989,
1.65851E+12,2022-07-22T11:16:04.393,13.8,0.339,-0.066,-0.93,
1.65851E+12,2022-07-22T11:16:04.433,13.84,0.339,-0.063,-0.927,
1.65851E+12,2022-07-22T11:16:04.673,14.08,0.305,-0.161,-0.997,
1.65851E+12,2022-07-22T11:16:04.713,14.12,0.383,-0.127,-1.154,
1.65851E+12,2022-07-22T11:16:04.753,14.16,0.486,-0.276,-1.224,
1.65851E+12,2022-07-22T11:16:04.793,14.2,0.399,-0.583,-1.335,
1.65851E+12,2022-07-22T11:16:04.833,14.24,0.507,-0.697,-1.584,
1.65851E+12,2022-07-22T11:16:04.873,14.28,0.611,-0.821,-1.723,
1.65851E+12,2022-07-22T11:16:04.913,14.32,0.749,-0.973,-1.903,
1.65851E+12,2022-07-22T11:16:04.953,14.36,1.018,-1.055,-1.889,
1.65851E+12,2022-07-22T11:16:04.993,14.4,1.04,-1.296,-1.628,
1.65851E+12,2022-07-22T11:16:05.033,14.44,0.828,-1.435,-1.169,
1.65851E+12,2022-07-22T11:16:05.073,14.48,0.354,-1.03,-0.603,
1.65851E+12,2022-07-22T11:16:05.113,14.52,-0.359,-0.753,-0.15,
1.65851E+12,2022-07-22T11:16:05.153,14.56,-0.767,-0.881,0.347,
1.65851E+12,2022-07-22T11:16:05.193,14.6,-1.549,-0.969,0.141,
1.65851E+12,2022-07-22T11:16:05.233,14.64,-1.44,-0.25,0.447,
1.65851E+12,2022-07-22T11:16:05.273,14.68,-1.183,0.114,0.79,
1.65851E+12,2022-07-22T11:16:05.313,14.72,-1.092,0.168,0.636,
1.65851E+12,2022-07-22T11:16:05.353,14.76,-1.129,0.033,0.565,
1.65851E+12,2022-07-22T11:16:05.393,14.8,-0.998,-0.043,0.641,
1.65851E+12,2022-07-22T11:16:05.433,14.84,-0.94,-0.17,0.656,
1.65851E+12,2022-07-22T11:16:05.473,14.88,-0.988,-0.125,0.616,
1.65851E+12,2022-07-22T11:16:05.513,14.92,-0.958,-0.091,0.582,
1.65851E+12,2022-07-22T11:16:05.553,14.96,-0.945,-0.083,0.535,
1.65851E+12,2022-07-22T11:16:05.593,15,-0.884,-0.063,0.503,
1.65851E+12,2022-07-22T11:16:05.633,15.04,-0.918,0.014,0.476,
1.65851E+12,2022-07-22T11:16:05.673,15.08,-0.939,-0.084,0.402,
1.65851E+12,2022-07-22T11:16:05.713,15.12,-0.891,-0.209,0.409,
1.65851E+12,2022-07-22T11:16:05.753,15.16,-0.782,-0.209,0.539,
1.65851E+12,2022-07-22T11:16:05.793,15.2,-0.762,-0.176,0.653,
1.65851E+12,2022-07-22T11:16:05.833,15.24,-0.674,-0.25,0.786,
1.65851E+12,2022-07-22T11:16:05.873,15.28,-0.5,-0.4,0.913,
1.65851E+12,2022-07-22T11:16:05.913,15.32,-0.357,-0.425,1.009,
1.65851E+12,2022-07-22T11:16:05.953,15.36,-0.059,-0.475,0.883,
1.65851E+12,2022-07-22T11:16:05.993,15.4,0.04,-0.628,0.819,
1.65851E+12,2022-07-22T11:16:06.033,15.44,0.193,-0.76,0.815,
1.65851E+12,2022-07-22T11:16:06.073,15.48,0.172,-1.016,0.978,
1.65851E+12,2022-07-22T11:16:06.113,15.52,0.091,-1.217,1.267,
1.65851E+12,2022-07-22T11:16:06.153,15.56,0.219,-0.951,1.509,
1.65851E+12,2022-07-22T11:16:06.193,15.6,0.37,-0.778,1.486,
1.65851E+12,2022-07-22T11:16:06.233,15.64,0.199,-0.689,1.482,
1.65851E+12,2022-07-22T11:16:06.273,15.68,-0.027,-0.525,1.359,
1.65851E+12,2022-07-22T11:16:06.313,15.72,-0.257,-0.283,1.23,
1.65851E+12,2022-07-22T11:16:06.353,15.76,-0.325,-0.075,0.958,
1.65851E+12,2022-07-22T11:16:06.393,15.8,-0.294,0.254,0.734,
1.65851E+12,2022-07-22T11:16:06.433,15.84,-0.04,0.235,0.428,
1.65851E+12,2022-07-22T11:16:06.473,15.88,0.002,0.16,0.044,
1.65851E+12,2022-07-22T11:16:06.513,15.92,0.498,0.166,0.02,
1.65851E+12,2022-07-22T11:16:06.553,15.96,0.94,0.094,0.261,
1.65851E+12,2022-07-22T11:16:06.593,16,0.971,0.118,0.507,
1.65851E+12,2022-07-22T11:16:06.633,16.04,0.762,0.2,0.959,
1.65851E+12,2022-07-22T11:16:06.673,16.08,0.39,0.257,1.282,
1.65851E+12,2022-07-22T11:16:06.713,16.12,0.099,0.329,1.708,
1.65851E+12,2022-07-22T11:16:06.753,16.16,-0.1,0.112,1.874,
1.65851E+12,2022-07-22T11:16:06.793,16.2,-0.637,-0.069,1.528,
1.65851E+12,2022-07-22T11:16:06.833,16.24,-0.944,-0.055,1.136,
1.65851E+12,2022-07-22T11:16:06.873,16.28,-0.885,0.038,0.648,
1.65851E+12,2022-07-22T11:16:06.913,16.32,-0.575,0,0.314,
1.65851E+12,2022-07-22T11:16:06.953,16.36,-0.451,-0.241,0.048,
1.65851E+12,2022-07-22T11:16:06.993,16.4,-0.316,-0.738,0.143,
1.65851E+12,2022-07-22T11:16:07.033,16.44,-0.195,-0.901,0.235,
1.65851E+12,2022-07-22T11:16:07.073,16.48,-0.158,-1.104,0.378,
1.65851E+12,2022-07-22T11:16:07.113,16.52,0.061,-0.991,0.446,
1.65851E+12,2022-07-22T11:16:07.153,16.56,0.217,-1.29,0.793,
1.65851E+12,2022-07-22T11:16:07.193,16.6,0.215,-1.4,0.512,
1.65851E+12,2022-07-22T11:16:07.233,16.64,-0.39,-2,0.715,
1.65851E+12,2022-07-22T11:16:07.273,16.68,-0.641,-1.773,0.977,
1.65851E+12,2022-07-22T11:16:07.313,16.72,-0.423,-1.516,1.074,
1.65851E+12,2022-07-22T11:16:07.353,16.76,-0.107,-1.365,0.88,
1.65851E+12,2022-07-22T11:16:07.393,16.8,-0.277,-1.248,0.301,
1.65851E+12,2022-07-22T11:16:07.433,16.84,-0.74,-1.183,0.205,
1.65851E+12,2022-07-22T11:16:07.473,16.88,-0.64,-0.968,0.164,
1.65851E+12,2022-07-22T11:16:07.513,16.92,-0.541,-1.027,0.06,
1.65851E+12,2022-07-22T11:16:07.553,16.96,-0.544,-0.88,0.031,
1.65851E+12,2022-07-22T11:16:07.593,17,-0.375,-0.632,0.052,
1.65851E+12,2022-07-22T11:16:07.633,17.04,-0.316,-0.629,0.096,
1.65851E+12,2022-07-22T11:16:07.673,17.08,-0.349,-0.704,0.055,
1.65851E+12,2022-07-22T11:16:07.713,17.12,-0.368,-0.824,0.033,
1.65851E+12,2022-07-22T11:16:07.753,17.16,-0.327,-1.01,-0.096,
1.65851E+12,2022-07-22T11:16:07.793,17.2,-0.213,-1.239,-0.208,
1.65851E+12,2022-07-22T11:16:07.833,17.24,-0.152,-1.077,-0.104,
1.65851E+12,2022-07-22T11:16:07.873,17.28,-0.159,-0.792,-0.011,
1.65851E+12,2022-07-22T11:16:07.913,17.32,-0.315,-0.57,0.044,
1.65851E+12,2022-07-22T11:16:07.953,17.36,-0.555,-0.644,0.227,
1.65851E+12,2022-07-22T11:16:07.993,17.4,-0.549,-0.782,0.244,
1.65851E+12,2022-07-22T11:16:08.033,17.44,-0.58,-0.826,0.285,
1.65851E+12,2022-07-22T11:16:08.073,17.48,-0.566,-0.998,0.36,
1.65851E+12,2022-07-22T11:16:08.113,17.52,-0.479,-0.949,0.414,
1.65851E+12,2022-07-22T11:16:08.153,17.56,-0.289,-0.79,0.453,
1.65851E+12,2022-07-22T11:16:08.193,17.6,-0.112,-0.57,0.39,
1.65851E+12,2022-07-22T11:16:08.233,17.64,-0.124,-0.573,0.161,
1.65851E+12,2022-07-22T11:16:08.273,17.68,-0.309,-0.657,0.1,
1.65851E+12,2022-07-22T11:16:08.313,17.72,-0.621,-0.77,0.328,
1.65851E+12,2022-07-22T11:16:08.353,17.76,-0.656,-0.965,0.222,
1.65851E+12,2022-07-22T11:16:08.393,17.8,-0.6,-1.436,0.015,
1.65851E+12,2022-07-22T11:16:08.433,17.84,-0.102,-1.584,-0.175,
1.65851E+12,2022-07-22T11:16:08.473,17.88,0.273,-1.14,-0.179,
1.65851E+12,2022-07-22T11:16:08.513,17.92,0.331,-0.777,0.012,
1.65851E+12,2022-07-22T11:16:08.553,17.96,0.24,-0.823,-0.016,
1.65851E+12,2022-07-22T11:16:08.593,18,-0.051,-1.03,-0.294,
1.65851E+12,2022-07-22T11:16:08.633,18.04,-0.314,-1.047,-0.223,
1.65851E+12,2022-07-22T11:16:08.673,18.08,-0.283,-0.835,-0.02,
1.65851E+12,2022-07-22T11:16:08.713,18.12,-0.034,-0.818,0.016,
1.65851E+12,2022-07-22T11:16:08.753,18.16,0.164,-0.961,0.032,
1.65851E+12,2022-07-22T11:16:08.793,18.2,0.118,-1.102,0.065,
1.65851E+12,2022-07-22T11:16:08.833,18.24,0.002,-1.12,0.085,
1.65851E+12,2022-07-22T11:16:08.873,18.28,-0.167,-1.014,0.194,
1.65851E+12,2022-07-22T11:16:08.913,18.32,-0.306,-0.855,0.303,
1.65851E+12,2022-07-22T11:16:08.953,18.36,-0.33,-0.765,0.26,
1.65851E+12,2022-07-22T11:16:08.993,18.4,-0.233,-0.871,0.144,
1.65851E+12,2022-07-22T11:16:09.033,18.44,-0.145,-1.079,0.057,
1.65851E+12,2022-07-22T11:16:09.073,18.48,-0.122,-1.075,0.047,
1.65851E+12,2022-07-22T11:16:09.113,18.52,-0.083,-0.917,0.104,
1.65851E+12,2022-07-22T11:16:09.153,18.56,-0.159,-0.903,0.057,
1.65851E+12,2022-07-22T11:16:09.193,18.6,-0.126,-0.916,0.008,
1.65851E+12,2022-07-22T11:16:09.233,18.64,-0.061,-0.997,-0.075,
1.65851E+12,2022-07-22T11:16:09.273,18.68,-0.127,-1.138,-0.153,
1.65851E+12,2022-07-22T11:16:09.313,18.72,-0.303,-1.055,-0.075,
1.65851E+12,2022-07-22T11:16:09.353,18.76,-0.22,-0.958,-0.036,
1.65851E+12,2022-07-22T11:16:09.393,18.8,-0.073,-0.873,0.019,
1.65851E+12,2022-07-22T11:16:09.433,18.84,-0.094,-0.794,0.124,
1.65851E+12,2022-07-22T11:16:09.473,18.88,-0.128,-0.822,0.105,
1.65851E+12,2022-07-22T11:16:09.513,18.92,-0.192,-1.02,-0.029,
1.65851E+12,2022-07-22T11:16:09.553,18.96,-0.209,-1.109,-0.064,
1.65851E+12,2022-07-22T11:16:09.593,19,-0.202,-1.081,-0.005,
1.65851E+12,2022-07-22T11:16:09.633,19.04,-0.246,-1.016,0.007,
1.65851E+12,2022-07-22T11:16:09.673,19.08,-0.273,-0.95,0.018,
1.65851E+12,2022-07-22T11:16:09.713,19.12,-0.169,-0.95,0.036,
1.65851E+12,2022-07-22T11:16:09.753,19.16,-0.1,-0.977,0.048,
1.65851E+12,2022-07-22T11:16:09.793,19.2,-0.128,-0.959,0.011,
1.65851E+12,2022-07-22T11:16:09.833,19.24,-0.142,-0.944,0.012,
1.65851E+12,2022-07-22T11:16:09.873,19.28,-0.157,-0.953,0.047,
1.65851E+12,2022-07-22T11:16:09.913,19.32,-0.161,-0.986,0.073,
1.65851E+12,2022-07-22T11:16:09.953,19.36,-0.166,-0.973,0.055,
1.65851E+12,2022-07-22T11:16:09.993,19.4,-0.226,-0.955,0.031,
1.65851E+12,2022-07-22T11:16:10.033,19.44,-0.214,-0.944,0.03,
1.65851E+12,2022-07-22T11:16:10.073,19.48,-0.197,-0.948,0.029,
1.65851E+12,2022-07-22T11:16:10.113,19.52,-0.218,-0.952,0.029,
1.65851E+12,2022-07-22T11:16:10.153,19.56,-0.204,-0.957,0.05,
1.65851E+12,2022-07-22T11:16:10.193,19.6,-0.235,-0.965,0.071,
1.65851E+12,2022-07-22T11:16:10.233,19.64,-0.29,-0.973,0.036,
1.65851E+12,2022-07-22T11:16:10.273,19.68,-0.248,-0.97,0.03,
,,,,,,
,,,,,,
,,,,,,
,,,,,,
,,,,,,
,,,,,,
,,,,,,
,,,,,,
,,,,,,
,,,,,,
1.65851E+12,2022-07-22T11:16:10.473,19.88,-0.145,-0.964,0.056,trial2
1.65851E+12,2022-07-22T11:16:10.513,19.92,-0.169,-0.961,0.068,
1.65851E+12,2022-07-22T11:16:10.553,19.96,-0.211,-0.952,0.065,
1.65851E+12,2022-07-22T11:16:10.593,20,-0.223,-0.958,0.055,
1.65851E+12,2022-07-22T11:16:10.633,20.04,-0.203,-0.957,0.065,
1.65851E+12,2022-07-22T11:16:10.673,20.08,-0.175,-0.962,0.068,
1.65851E+12,2022-07-22T11:16:10.713,20.12,-0.185,-0.962,0.072,
1.65851E+12,2022-07-22T11:16:10.753,20.16,-0.163,-0.953,0.073,
1.65851E+12,2022-07-22T11:16:10.793,20.2,-0.168,-0.955,0.064,
1.65851E+12,2022-07-22T11:16:10.833,20.24,-0.183,-0.959,0.065,
1.65851E+12,2022-07-22T11:16:10.873,20.28,-0.187,-0.969,0.077,
1.65851E+12,2022-07-22T11:16:10.913,20.32,-0.197,-0.963,0.092,
1.65851E+12,2022-07-22T11:16:10.953,20.36,-0.199,-0.968,0.104,
1.65851E+12,2022-07-22T11:16:10.993,20.4,-0.201,-0.974,0.103,
1.65851E+12,2022-07-22T11:16:11.033,20.44,-0.208,-0.966,0.086,
1.65851E+12,2022-07-22T11:16:11.073,20.48,-0.185,-0.985,0.072,
1.65851E+12,2022-07-22T11:16:11.113,20.52,-0.183,-0.996,0.067,
1.65851E+12,2022-07-22T11:16:11.153,20.56,-0.18,-0.966,0.057,
1.65851E+12,2022-07-22T11:16:11.193,20.6,-0.155,-0.918,0.094,
1.65851E+12,2022-07-22T11:16:11.233,20.64,-0.135,-0.866,0.121,
1.65851E+12,2022-07-22T11:16:11.273,20.68,-0.148,-0.843,0.094,
1.65851E+12,2022-07-22T11:16:11.313,20.72,-0.129,-0.828,0.106,
1.65851E+12,2022-07-22T11:16:11.353,20.76,-0.073,-0.764,0.179,
1.65851E+12,2022-07-22T11:16:11.393,20.8,-0.072,-0.559,0.172,
1.65851E+12,2022-07-22T11:16:11.433,20.84,-0.158,-0.401,0.18,
1.65851E+12,2022-07-22T11:16:11.473,20.88,-0.171,-0.442,0.185,
1.65851E+12,2022-07-22T11:16:11.513,20.92,-0.212,-0.562,0.199,
1.65851E+12,2022-07-22T11:16:11.553,20.96,-0.239,-0.665,0.259,
1.65851E+12,2022-07-22T11:16:11.593,21,-0.201,-0.802,0.282,
1.65851E+12,2022-07-22T11:16:11.633,21.04,-0.156,-0.97,0.301,
1.65851E+12,2022-07-22T11:16:11.673,21.08,-0.185,-1.16,0.313,
1.65851E+12,2022-07-22T11:16:11.713,21.12,-0.172,-1.254,0.326,
1.65851E+12,2022-07-22T11:16:11.753,21.16,-0.092,-1.286,0.241,
1.65851E+12,2022-07-22T11:16:11.793,21.2,-0.06,-1.335,0.202,
1.65851E+12,2022-07-22T11:16:11.833,21.24,-0.068,-1.329,0.173,
1.65851E+12,2022-07-22T11:16:11.873,21.28,-0.127,-1.334,0.153,
1.65851E+12,2022-07-22T11:16:11.913,21.32,-0.157,-1.345,0.171,
1.65851E+12,2022-07-22T11:16:11.953,21.36,-0.208,-1.26,0.254,
1.65851E+12,2022-07-22T11:16:11.993,21.4,-0.268,-1.307,0.432,
1.65851E+12,2022-07-22T11:16:12.033,21.44,-0.183,-1.308,0.457,
1.65851E+12,2022-07-22T11:16:12.073,21.48,-0.049,-1.276,0.523,
1.65851E+12,2022-07-22T11:16:12.113,21.52,0.001,-1.272,0.688,
1.65851E+12,2022-07-22T11:16:12.153,21.56,0.063,-1.209,0.787,
1.65851E+12,2022-07-22T11:16:12.193,21.6,0.031,-1.243,0.787,
1.65851E+12,2022-07-22T11:16:12.233,21.64,-0.018,-1.292,0.737,
1.65851E+12,2022-07-22T11:16:12.273,21.68,0.009,-1.353,0.672,
1.65851E+12,2022-07-22T11:16:12.313,21.72,0.049,-1.326,0.587,
1.65851E+12,2022-07-22T11:16:12.353,21.76,-0.003,-1.307,0.569,
1.65851E+12,2022-07-22T11:16:12.393,21.8,0.008,-1.238,0.538,
1.65851E+12,2022-07-22T11:16:12.433,21.84,0.133,-0.906,0.473,
1.65851E+12,2022-07-22T11:16:12.473,21.88,0.316,-0.404,0.246,
1.65851E+12,2022-07-22T11:16:12.513,21.92,0.189,0.147,0.507,
1.65851E+12,2022-07-22T11:16:12.553,21.96,-0.301,0.427,1.146,
1.65851E+12,2022-07-22T11:16:12.593,22,-0.573,0.938,1.236,
1.65851E+12,2022-07-22T11:16:12.633,22.04,-0.37,0.797,0.835,
1.65851E+12,2022-07-22T11:16:12.673,22.08,-0.355,0.053,0.403,
1.65851E+12,2022-07-22T11:16:12.713,22.12,-0.457,-0.241,-0.147,
1.65851E+12,2022-07-22T11:16:12.753,22.16,-0.056,-0.471,-0.416,
1.65851E+12,2022-07-22T11:16:12.793,22.2,0.162,-0.522,-0.254,
1.65851E+12,2022-07-22T11:16:12.833,22.24,0.516,-0.391,0,
1.65851E+12,2022-07-22T11:16:12.873,22.28,0.851,-0.39,0.042,
1.65851E+12,2022-07-22T11:16:12.913,22.32,1.52,-1.17,-0.462,
1.65851E+12,2022-07-22T11:16:12.953,22.36,2,-0.832,-1.526,
1.65851E+12,2022-07-22T11:16:12.993,22.4,1.343,-0.303,-1.574,
1.65851E+12,2022-07-22T11:16:13.033,22.44,-0.925,-1.003,-1.604,
1.65851E+12,2022-07-22T11:16:13.073,22.48,-0.072,-1.506,-2,
1.65851E+12,2022-07-22T11:16:13.113,22.52,1.458,-1.172,-1.542,
1.65851E+12,2022-07-22T11:16:13.153,22.56,0.104,-0.636,-0.978,
1.65851E+12,2022-07-22T11:16:13.193,22.6,0.181,-0.142,-0.95,
1.65851E+12,2022-07-22T11:16:13.233,22.64,0.576,0.051,-0.368,
1.65851E+12,2022-07-22T11:16:13.273,22.68,0.314,0.371,-0.654,
1.65851E+12,2022-07-22T11:16:13.313,22.72,0.398,0.377,-0.803,
1.65851E+12,2022-07-22T11:16:13.353,22.76,0.192,0.243,-1.282,
1.65851E+12,2022-07-22T11:16:13.393,22.8,-0.015,0.181,-1.832,
1.65851E+12,2022-07-22T11:16:13.433,22.84,0.218,0.059,-0.897,
1.65851E+12,2022-07-22T11:16:13.473,22.88,0.228,-0.063,-0.481,
1.65851E+12,2022-07-22T11:16:13.513,22.92,0.23,-0.046,-0.722,
1.65851E+12,2022-07-22T11:16:13.553,22.96,0.207,0.021,-1.066,
1.65851E+12,2022-07-22T11:16:13.593,23,0.297,0.025,-1.267,
1.65851E+12,2022-07-22T11:16:13.633,23.04,0.33,0.031,-1.096,
1.65851E+12,2022-07-22T11:16:13.673,23.08,0.281,0.038,-0.883,
1.65851E+12,2022-07-22T11:16:13.713,23.12,0.254,0.027,-0.87,
1.65851E+12,2022-07-22T11:16:13.753,23.16,0.279,-0.004,-0.822,
1.65851E+12,2022-07-22T11:16:13.793,23.2,0.364,-0.02,-0.861,
1.65851E+12,2022-07-22T11:16:13.833,23.24,0.361,-0.019,-0.978,
1.65851E+12,2022-07-22T11:16:13.873,23.28,0.274,0.011,-1.053,
1.65851E+12,2022-07-22T11:16:13.913,23.32,0.248,0.05,-1.009,
1.65851E+12,2022-07-22T11:16:13.953,23.36,0.252,0.059,-0.946,
1.65851E+12,2022-07-22T11:16:13.993,23.4,0.274,0.038,-0.921,
1.65851E+12,2022-07-22T11:16:14.113,23.52,0.289,0.042,-0.965,
1.65851E+12,2022-07-22T11:16:14.153,23.56,0.311,0.027,-0.95,
1.65851E+12,2022-07-22T11:16:14.193,23.6,0.312,0.01,-0.921,
1.65851E+12,2022-07-22T11:16:14.233,23.64,0.325,0.012,-0.907,
1.65851E+12,2022-07-22T11:16:14.513,23.92,0.605,-0.277,-1.196,
1.65851E+12,2022-07-22T11:16:14.553,23.96,0.638,-0.397,-1.341,
1.65851E+12,2022-07-22T11:16:14.593,24,0.699,-0.51,-1.547,
1.65851E+12,2022-07-22T11:16:14.633,24.04,0.882,-0.751,-1.746,
1.65851E+12,2022-07-22T11:16:14.673,24.08,0.968,-0.862,-1.738,
1.65851E+12,2022-07-22T11:16:14.713,24.12,0.985,-0.651,-1.503,
1.65851E+12,2022-07-22T11:16:14.753,24.16,1.065,-0.595,-1.43,
1.65851E+12,2022-07-22T11:16:14.793,24.2,1.042,-0.664,-0.937,
1.65851E+12,2022-07-22T11:16:14.833,24.24,0.586,-0.744,-0.315,
1.65851E+12,2022-07-22T11:16:14.873,24.28,0.152,-1.171,0.193,
1.65851E+12,2022-07-22T11:16:14.913,24.32,-0.851,-2,0.842,
1.65851E+12,2022-07-22T11:16:14.953,24.36,-0.932,-1.797,1.015,
1.65851E+12,2022-07-22T11:16:14.993,24.4,-0.296,-0.624,1.534,
1.65851E+12,2022-07-22T11:16:15.033,24.44,-0.371,-0.152,1.797,
1.65851E+12,2022-07-22T11:16:15.073,24.48,-0.746,-0.463,1.185,
1.65851E+12,2022-07-22T11:16:15.113,24.52,-0.647,-0.276,1.346,
1.65851E+12,2022-07-22T11:16:15.153,24.56,-0.798,-0.279,1.57,
1.65851E+12,2022-07-22T11:16:15.193,24.6,-0.434,-0.101,1.387,
1.65851E+12,2022-07-22T11:16:15.233,24.64,0.005,0.051,1.149,
1.65851E+12,2022-07-22T11:16:15.273,24.68,-0.789,-0.077,0.779,
1.65851E+12,2022-07-22T11:16:15.313,24.72,-0.258,0.03,0.608,
1.65851E+12,2022-07-22T11:16:15.353,24.76,-0.279,-0.04,0.561,
1.65851E+12,2022-07-22T11:16:15.393,24.8,-0.396,-0.095,0.582,
1.65851E+12,2022-07-22T11:16:15.433,24.84,-0.5,-0.209,0.609,
1.65851E+12,2022-07-22T11:16:15.473,24.88,-0.47,-0.208,0.761,
1.65851E+12,2022-07-22T11:16:15.513,24.92,-0.391,-0.204,1.099,
1.65851E+12,2022-07-22T11:16:15.553,24.96,-0.377,-0.225,1.316,
1.65851E+12,2022-07-22T11:16:15.593,25,-0.018,-0.451,1.255,
1.65851E+12,2022-07-22T11:16:15.633,25.04,0.22,-0.458,1.14,
1.65851E+12,2022-07-22T11:16:15.673,25.08,0.058,-0.449,1.058,
1.65851E+12,2022-07-22T11:16:15.713,25.12,-0.02,-0.628,0.833,
1.65851E+12,2022-07-22T11:16:15.753,25.16,0.242,-0.675,0.558,
1.65851E+12,2022-07-22T11:16:15.793,25.2,0.387,-0.688,0.807,
1.65851E+12,2022-07-22T11:16:15.833,25.24,0.463,-0.707,1.102,
1.65851E+12,2022-07-22T11:16:15.873,25.28,0.489,-0.738,1.267,
1.65851E+12,2022-07-22T11:16:15.913,25.32,0.611,-0.703,1.521,
1.65851E+12,2022-07-22T11:16:15.953,25.36,0.693,-0.664,1.453,
1.65851E+12,2022-07-22T11:16:15.993,25.4,0.501,-0.554,1.148,
1.65851E+12,2022-07-22T11:16:16.033,25.44,0.139,-0.411,0.782,
1.65851E+12,2022-07-22T11:16:16.073,25.48,-0.184,-0.071,0.293,
1.65851E+12,2022-07-22T11:16:16.113,25.52,0.307,0.298,0.108,
1.65851E+12,2022-07-22T11:16:16.153,25.56,0.915,0.369,0.234,
1.65851E+12,2022-07-22T11:16:16.193,25.6,0.818,0.311,0.149,
1.65851E+12,2022-07-22T11:16:16.233,25.64,0.67,0.357,0.138,
1.65851E+12,2022-07-22T11:16:16.273,25.68,0.405,0.301,0.108,
1.65851E+12,2022-07-22T11:16:16.313,25.72,0.464,0.281,0.159,
1.65851E+12,2022-07-22T11:16:16.353,25.76,0.621,0.178,0.131,
1.65851E+12,2022-07-22T11:16:16.393,25.8,0.691,-0.009,0.289,
1.65851E+12,2022-07-22T11:16:16.433,25.84,0.502,-0.088,0.687,
1.65851E+12,2022-07-22T11:16:16.473,25.88,0.469,-0.241,0.833,
1.65851E+12,2022-07-22T11:16:16.513,25.92,0.42,-0.398,0.805,
1.65851E+12,2022-07-22T11:16:16.553,25.96,0.254,-0.795,0.747,
1.65851E+12,2022-07-22T11:16:16.593,26,0.206,-1.259,0.539,
1.65851E+12,2022-07-22T11:16:16.633,26.04,0.188,-1.421,0.403,
1.65851E+12,2022-07-22T11:16:16.673,26.08,0.351,-1.568,0.39,
1.65851E+12,2022-07-22T11:16:16.713,26.12,0.51,-1.475,0.374,
1.65851E+12,2022-07-22T11:16:16.753,26.16,0.611,-1.536,0.541,
1.65851E+12,2022-07-22T11:16:16.793,26.2,0.749,-1.668,0.622,
1.65851E+12,2022-07-22T11:16:16.833,26.24,0.926,-1.637,0.345,
1.65851E+12,2022-07-22T11:16:16.873,26.28,0.643,-1.509,0.211,
1.65851E+12,2022-07-22T11:16:16.913,26.32,0.18,-1.464,0.03,
1.65851E+12,2022-07-22T11:16:16.953,26.36,-0.111,-1.421,-0.07,
1.65851E+12,2022-07-22T11:16:16.993,26.4,-0.188,-1.3,-0.037,
1.65851E+12,2022-07-22T11:16:17.033,26.44,-0.243,-1.192,-0.013,
1.65851E+12,2022-07-22T11:16:17.073,26.48,-0.368,-1.02,-0.06,
1.65851E+12,2022-07-22T11:16:17.113,26.52,-0.489,-0.752,-0.043,
1.65851E+12,2022-07-22T11:16:17.153,26.56,-0.459,-0.527,0.21,
1.65851E+12,2022-07-22T11:16:17.193,26.6,-0.246,-0.634,0.366,
1.65851E+12,2022-07-22T11:16:17.233,26.64,-0.255,-0.974,0.334,
1.65851E+12,2022-07-22T11:16:17.273,26.68,-0.164,-1.258,0.124,
1.65851E+12,2022-07-22T11:16:17.313,26.72,0.024,-1.451,-0.157,
1.65851E+12,2022-07-22T11:16:17.353,26.76,0.191,-1.466,-0.287,
1.65851E+12,2022-07-22T11:16:17.393,26.8,0.184,-0.898,-0.157,
1.65851E+12,2022-07-22T11:16:17.433,26.84,-0.038,-0.557,0.066,
1.65851E+12,2022-07-22T11:16:17.473,26.88,0.14,-0.567,0.049,
1.65851E+12,2022-07-22T11:16:17.513,26.92,0.336,-0.659,-0.055,
1.65851E+12,2022-07-22T11:16:17.553,26.96,0.089,-0.691,0.031,
1.65851E+12,2022-07-22T11:16:17.593,27,-0.132,-0.611,0.199,
1.65851E+12,2022-07-22T11:16:17.633,27.04,-0.172,-0.574,0.222,
1.65851E+12,2022-07-22T11:16:17.673,27.08,-0.121,-0.674,0.177,
1.65851E+12,2022-07-22T11:16:17.713,27.12,-0.068,-0.897,0.208,
1.65851E+12,2022-07-22T11:16:17.753,27.16,-0.05,-1.135,0.158,
1.65851E+12,2022-07-22T11:16:17.793,27.2,-0.185,-1.248,0.117,
1.65851E+12,2022-07-22T11:16:17.833,27.24,-0.336,-1.195,0.207,
1.65851E+12,2022-07-22T11:16:17.873,27.28,-0.382,-1.047,0.252,
1.65851E+12,2022-07-22T11:16:17.913,27.32,-0.331,-1.031,0.241,
1.65851E+12,2022-07-22T11:16:17.953,27.36,-0.19,-1.222,0.378,
1.65851E+12,2022-07-22T11:16:17.993,27.4,0.032,-1.26,0.356,
1.65851E+12,2022-07-22T11:16:18.033,27.44,-0.087,-1.123,0.336,
1.65851E+12,2022-07-22T11:16:18.073,27.48,-0.388,-1.086,0.324,
1.65851E+12,2022-07-22T11:16:18.113,27.52,-0.345,-1.225,0.205,
1.65851E+12,2022-07-22T11:16:18.153,27.56,-0.038,-0.92,0.097,
1.65851E+12,2022-07-22T11:16:18.193,27.6,0.028,-0.259,0.152,
1.65851E+12,2022-07-22T11:16:18.233,27.64,-0.085,-0.252,0.202,
1.65851E+12,2022-07-22T11:16:18.273,27.68,-0.182,-0.609,0.022,
1.65851E+12,2022-07-22T11:16:18.313,27.72,-0.246,-0.934,-0.124,
1.65851E+12,2022-07-22T11:16:18.353,27.76,-0.207,-1.131,-0.082,
1.65851E+12,2022-07-22T11:16:18.393,27.8,-0.306,-1.281,0.253,
1.65851E+12,2022-07-22T11:16:18.433,27.84,-0.406,-1.187,0.626,
1.65851E+12,2022-07-22T11:16:18.473,27.88,-0.191,-0.954,0.507,
1.65851E+12,2022-07-22T11:16:18.513,27.92,0.038,-0.863,0.193,
1.65851E+12,2022-07-22T11:16:18.553,27.96,-0.138,-0.964,0.117,
1.65851E+12,2022-07-22T11:16:18.593,28,-0.355,-1.14,0.162,
1.65851E+12,2022-07-22T11:16:18.633,28.04,-0.308,-1.147,0.363,
1.65851E+12,2022-07-22T11:16:18.673,28.08,-0.184,-0.921,0.57,
1.65851E+12,2022-07-22T11:16:18.713,28.12,-0.072,-1,0.508,
1.65851E+12,2022-07-22T11:16:18.753,28.16,-0.532,-1.036,0.256,
1.65851E+12,2022-07-22T11:16:18.793,28.2,-0.281,-0.995,-0.013,
1.65851E+12,2022-07-22T11:16:18.833,28.24,-0.233,-0.886,-0.147,
1.65851E+12,2022-07-22T11:16:18.873,28.28,-0.259,-0.824,-0.202,
1.65851E+12,2022-07-22T11:16:18.913,28.32,-0.198,-0.877,-0.132,
1.65851E+12,2022-07-22T11:16:18.953,28.36,-0.128,-0.941,-0.048,
1.65851E+12,2022-07-22T11:16:18.993,28.4,-0.102,-0.981,0.01,
1.65851E+12,2022-07-22T11:16:19.033,28.44,-0.333,-0.994,-0.015,
1.65851E+12,2022-07-22T11:16:19.073,28.48,-0.157,-0.94,0.077,
1.65851E+12,2022-07-22T11:16:19.113,28.52,-0.069,-0.968,0.061,
1.65851E+12,2022-07-22T11:16:19.153,28.56,-0.172,-0.974,-0.039,
1.65851E+12,2022-07-22T11:16:19.193,28.6,-0.174,-0.961,-0.068,
1.65851E+12,2022-07-22T11:16:19.233,28.64,-0.282,-0.96,-0.092,
1.65851E+12,2022-07-22T11:16:19.273,28.68,-0.243,-0.963,-0.072,
1.65851E+12,2022-07-22T11:16:19.313,28.72,-0.133,-0.985,0.042,
1.65851E+12,2022-07-22T11:16:19.353,28.76,-0.153,-0.982,0.06,
1.65851E+12,2022-07-22T11:16:19.393,28.8,-0.114,-0.988,0.12,
1.65851E+12,2022-07-22T11:16:19.433,28.84,-0.125,-0.971,0.103,
1.65851E+12,2022-07-22T11:16:19.473,28.88,-0.174,-0.957,0.053,
1.65851E+12,2022-07-22T11:16:19.513,28.92,-0.174,-0.96,0.051,
1.65851E+12,2022-07-22T11:16:19.553,28.96,-0.176,-0.977,0.061,
1.65851E+12,2022-07-22T11:16:19.593,29,-0.191,-0.977,0.069,
1.65851E+12,2022-07-22T11:16:19.633,29.04,-0.188,-0.968,0.071,
1.65851E+12,2022-07-22T11:16:19.673,29.08,-0.162,-0.963,0.085,
1.65851E+12,2022-07-22T11:16:19.713,29.12,-0.167,-0.96,0.08,
1.65851E+12,2022-07-22T11:16:19.753,29.16,-0.143,-0.953,0.085,
1.65851E+12,2022-07-22T11:16:19.793,29.2,-0.142,-0.95,0.096,
,,,,,,
,,,,,,
,,,,,,
,,,,,,
,,,,,,
,,,,,,
,,,,,,
,,,,,,
,,,,,,
1.65851E+12,2022-07-22T11:16:19.993,29.4,-0.167,-0.969,0.099,trial3
1.65851E+12,2022-07-22T11:16:20.033,29.44,-0.168,-0.973,0.094,
1.65851E+12,2022-07-22T11:16:20.073,29.48,-0.157,-0.966,0.096,
1.65851E+12,2022-07-22T11:16:20.113,29.52,-0.148,-0.952,0.099,
1.65851E+12,2022-07-22T11:16:20.153,29.56,-0.152,-0.945,0.085,
1.65851E+12,2022-07-22T11:16:20.193,29.6,-0.17,-0.958,0.08,
1.65851E+12,2022-07-22T11:16:20.233,29.64,-0.221,-0.973,0.078,
1.65851E+12,2022-07-22T11:16:20.273,29.68,-0.22,-0.974,0.095,
1.65851E+12,2022-07-22T11:16:20.313,29.72,-0.184,-0.969,0.101,
1.65851E+12,2022-07-22T11:16:20.353,29.76,-0.155,-0.964,0.088,
1.65851E+12,2022-07-22T11:16:20.393,29.8,-0.146,-0.972,0.091,
1.65851E+12,2022-07-22T11:16:20.433,29.84,-0.187,-0.945,0.09,
1.65851E+12,2022-07-22T11:16:20.473,29.88,-0.221,-0.961,0.093,
1.65851E+12,2022-07-22T11:16:20.513,29.92,-0.211,-0.981,0.057,
1.65851E+12,2022-07-22T11:16:20.553,29.96,-0.198,-0.952,0.087,
1.65851E+12,2022-07-22T11:16:20.593,30,-0.13,-0.923,0.068,
1.65851E+12,2022-07-22T11:16:20.633,30.04,-0.154,-0.882,0.03,
1.65851E+12,2022-07-22T11:16:20.673,30.08,-0.189,-0.833,0.121,
1.65851E+12,2022-07-22T11:16:20.713,30.12,-0.089,-0.737,0.216,
1.65851E+12,2022-07-22T11:16:20.753,30.16,-0.068,-0.584,0.285,
1.65851E+12,2022-07-22T11:16:20.793,30.2,-0.101,-0.449,0.315,
1.65851E+12,2022-07-22T11:16:20.833,30.24,-0.169,-0.438,0.23,
1.65851E+12,2022-07-22T11:16:20.873,30.28,-0.262,-0.582,0.195,
1.65851E+12,2022-07-22T11:16:20.913,30.32,-0.286,-0.717,0.205,
1.65851E+12,2022-07-22T11:16:20.953,30.36,-0.207,-0.831,0.207,
1.65851E+12,2022-07-22T11:16:20.993,30.4,-0.086,-0.854,0.171,
1.65851E+12,2022-07-22T11:16:21.033,30.44,-0.048,-0.957,0.151,
1.65851E+12,2022-07-22T11:16:21.073,30.48,-0.164,-1.18,0.32,
1.65851E+12,2022-07-22T11:16:21.113,30.52,-0.214,-1.374,0.353,
1.65851E+12,2022-07-22T11:16:21.153,30.56,-0.147,-1.421,0.274,
1.65851E+12,2022-07-22T11:16:21.193,30.6,-0.037,-1.473,0.204,
1.65851E+12,2022-07-22T11:16:21.233,30.64,-0.037,-1.41,0.166,
1.65851E+12,2022-07-22T11:16:21.273,30.68,-0.15,-1.369,0.166,
1.65851E+12,2022-07-22T11:16:21.313,30.72,-0.194,-1.305,0.242,
1.65851E+12,2022-07-22T11:16:21.353,30.76,-0.225,-1.286,0.372,
1.65851E+12,2022-07-22T11:16:21.393,30.8,-0.202,-1.198,0.462,
1.65851E+12,2022-07-22T11:16:21.433,30.84,-0.106,-1.154,0.603,
1.65851E+12,2022-07-22T11:16:21.473,30.88,-0.038,-1.141,0.765,
1.65851E+12,2022-07-22T11:16:21.513,30.92,0.044,-1.215,0.861,
1.65851E+12,2022-07-22T11:16:21.553,30.96,0.063,-1.211,0.821,
1.65851E+12,2022-07-22T11:16:21.593,31,0.006,-1.198,0.838,
1.65851E+12,2022-07-22T11:16:21.633,31.04,-0.042,-1.292,0.841,
1.65851E+12,2022-07-22T11:16:21.673,31.08,-0.015,-1.189,0.786,
1.65851E+12,2022-07-22T11:16:21.713,31.12,0.077,-0.943,0.6,
1.65851E+12,2022-07-22T11:16:21.753,31.16,0.074,-0.443,0.44,
1.65851E+12,2022-07-22T11:16:21.793,31.2,-0.295,0.045,1.047,
1.65851E+12,2022-07-22T11:16:21.833,31.24,-0.579,0.301,1.836,
1.65851E+12,2022-07-22T11:16:21.873,31.28,-0.671,0.503,1.602,
1.65851E+12,2022-07-22T11:16:21.913,31.32,-0.688,-0.366,0.916,
1.65851E+12,2022-07-22T11:16:21.953,31.36,-0.604,-1.004,0.21,
1.65851E+12,2022-07-22T11:16:21.993,31.4,-0.649,-1.309,-0.472,
1.65851E+12,2022-07-22T11:16:22.033,31.44,-0.221,-1.478,-0.945,
1.65851E+12,2022-07-22T11:16:22.073,31.48,0.184,-1.281,-1.299,
1.65851E+12,2022-07-22T11:16:22.113,31.52,1.263,-0.728,-1.707,
1.65851E+12,2022-07-22T11:16:22.153,31.56,1.758,0.066,-1.496,
1.65851E+12,2022-07-22T11:16:22.193,31.6,1.317,-0.656,-1.282,
1.65851E+12,2022-07-22T11:16:22.233,31.64,1.01,-0.887,-1.438,
1.65851E+12,2022-07-22T11:16:22.273,31.68,-0.022,-0.873,-1.435,
1.65851E+12,2022-07-22T11:16:22.313,31.72,-0.229,-0.971,-1.68,
1.65851E+12,2022-07-22T11:16:22.353,31.76,0.152,-1.09,-1.619,
1.65851E+12,2022-07-22T11:16:22.393,31.8,0.718,-0.457,-1.957,
1.65851E+12,2022-07-22T11:16:22.433,31.84,0.495,-0.211,-1.477,
1.65851E+12,2022-07-22T11:16:22.473,31.88,0.555,-0.969,0.471,
1.65851E+12,2022-07-22T11:16:22.513,31.92,-0.374,0.47,-0.21,
1.65851E+12,2022-07-22T11:16:22.553,31.96,-0.026,0.221,-1.374,
1.65851E+12,2022-07-22T11:16:22.593,32,0.233,0.151,-1.516,
1.65851E+12,2022-07-22T11:16:22.633,32.04,0.284,0.155,-1.105,
1.65851E+12,2022-07-22T11:16:22.673,32.08,0.228,-0.069,-0.689,
1.65851E+12,2022-07-22T11:16:22.713,32.12,0.159,-0.13,-0.668,
1.65851E+12,2022-07-22T11:16:22.753,32.16,0.127,-0.069,-0.996,
1.65851E+12,2022-07-22T11:16:22.793,32.2,0.116,-0.038,-1.152,
1.65851E+12,2022-07-22T11:16:22.833,32.24,0.053,0.004,-1.074,
1.65851E+12,2022-07-22T11:16:22.873,32.28,0.085,0.019,-0.928,
1.65851E+12,2022-07-22T11:16:22.913,32.32,0.122,-0.002,-0.932,
1.65851E+12,2022-07-22T11:16:22.953,32.36,0.107,-0.017,-0.98,
1.65851E+12,2022-07-22T11:16:22.993,32.4,0.131,0.004,-0.937,
1.65851E+12,2022-07-22T11:16:23.033,32.44,0.209,-0.038,-0.897,
1.65851E+12,2022-07-22T11:16:23.073,32.48,0.217,-0.115,-1.082,
1.65851E+12,2022-07-22T11:16:23.113,32.52,0.207,-0.141,-1.103,
1.65851E+12,2022-07-22T11:16:23.153,32.56,0.205,-0.156,-0.981,
1.65851E+12,2022-07-22T11:16:23.193,32.6,0.205,-0.159,-0.984,
1.65851E+12,2022-07-22T11:16:23.233,32.64,0.179,-0.154,-0.923,
1.65851E+12,2022-07-22T11:16:23.273,32.68,0.172,-0.134,-0.943,
1.65851E+12,2022-07-22T11:16:23.313,32.72,0.18,-0.093,-0.952,
1.65851E+12,2022-07-22T11:16:23.353,32.76,0.178,-0.077,-0.958,
1.65851E+12,2022-07-22T11:16:23.393,32.8,0.172,-0.085,-0.963,
1.65851E+12,2022-07-22T11:16:23.433,32.84,0.177,-0.094,-0.961,
1.65851E+12,2022-07-22T11:16:23.473,32.88,0.182,-0.096,-0.975,
1.65851E+12,2022-07-22T11:16:23.513,32.92,0.185,-0.093,-0.979,
1.65851E+12,2022-07-22T11:16:23.553,32.96,0.183,-0.091,-0.961,
1.65851E+12,2022-07-22T11:16:23.593,33,0.177,-0.088,-0.969,
1.65851E+12,2022-07-22T11:16:23.633,33.04,0.175,-0.086,-0.996,
1.65851E+12,2022-07-22T11:16:23.673,33.08,0.184,-0.079,-1.012,
1.65851E+12,2022-07-22T11:16:23.713,33.12,0.271,-0.107,-0.993,
1.65851E+12,2022-07-22T11:16:23.753,33.16,0.317,-0.281,-1.018,
1.65851E+12,2022-07-22T11:16:23.793,33.2,0.057,0.055,-1.051,
1.65851E+12,2022-07-22T11:16:23.833,33.24,0.267,-0.001,-0.981,
1.65851E+12,2022-07-22T11:16:23.873,33.28,0.278,-0.044,-0.871,
1.65851E+12,2022-07-22T11:16:23.913,33.32,0.249,-0.053,-0.752,
1.65851E+12,2022-07-22T11:16:23.953,33.36,0.227,-0.053,-0.716,
1.65851E+12,2022-07-22T11:16:23.993,33.4,0.272,-0.062,-0.871,
1.65851E+12,2022-07-22T11:16:24.033,33.44,0.318,-0.099,-1.186,
1.65851E+12,2022-07-22T11:16:24.073,33.48,0.275,-0.087,-1.159,
1.65851E+12,2022-07-22T11:16:24.113,33.52,0.236,-0.079,-0.941,
1.65851E+12,2022-07-22T11:16:24.153,33.56,0.208,-0.075,-0.935,
1.65851E+12,2022-07-22T11:16:24.193,33.6,0.19,-0.084,-0.921,
1.65851E+12,2022-07-22T11:16:24.233,33.64,0.191,-0.092,-0.911,
1.65851E+12,2022-07-22T11:16:24.273,33.68,0.224,-0.092,-0.977,
1.65851E+12,2022-07-22T11:16:24.313,33.72,0.26,-0.099,-0.993,
1.65851E+12,2022-07-22T11:16:24.353,33.76,0.264,-0.103,-0.975,
1.65851E+12,2022-07-22T11:16:24.393,33.8,0.255,-0.107,-1.006,
1.65851E+12,2022-07-22T11:16:24.433,33.84,0.044,-0.318,-1.245,
1.65851E+12,2022-07-22T11:16:24.473,33.88,0.437,-0.425,-1.705,
1.65851E+12,2022-07-22T11:16:24.513,33.92,0.8,-0.607,-1.529,
1.65851E+12,2022-07-22T11:16:24.553,33.96,0.584,-0.934,-1.356,
1.65851E+12,2022-07-22T11:16:24.593,34,0.51,-0.907,-1.749,
1.65851E+12,2022-07-22T11:16:24.633,34.04,0.932,-0.812,-1.279,
1.65851E+12,2022-07-22T11:16:24.673,34.08,0.958,-0.938,-0.924,
1.65851E+12,2022-07-22T11:16:24.713,34.12,0.731,-1.031,-0.91,
1.65851E+12,2022-07-22T11:16:24.753,34.16,0.451,-0.83,-0.568,
1.65851E+12,2022-07-22T11:16:24.793,34.2,0.28,-0.245,-0.1,
1.65851E+12,2022-07-22T11:16:24.833,34.24,0.231,0.307,0.112,
1.65851E+12,2022-07-22T11:16:24.873,34.28,0.191,0.402,0.191,
1.65851E+12,2022-07-22T11:16:24.913,34.32,-0.209,0.182,0.388,
1.65851E+12,2022-07-22T11:16:24.953,34.36,-0.361,0.06,0.354,
1.65851E+12,2022-07-22T11:16:24.993,34.4,-0.728,-0.246,0.372,
1.65851E+12,2022-07-22T11:16:25.033,34.44,-1.151,-0.196,0.655,
1.65851E+12,2022-07-22T11:16:25.073,34.48,-1.087,-0.092,1.022,
1.65851E+12,2022-07-22T11:16:25.113,34.52,-1.049,-0.1,1.188,
1.65851E+12,2022-07-22T11:16:25.153,34.56,-0.973,0.035,0.894,
1.65851E+12,2022-07-22T11:16:25.193,34.6,-0.815,0.057,0.72,
1.65851E+12,2022-07-22T11:16:25.233,34.64,-0.667,0.138,0.688,
1.65851E+12,2022-07-22T11:16:25.273,34.68,-0.634,0.064,0.531,
1.65851E+12,2022-07-22T11:16:25.313,34.72,-0.61,0.033,0.477,
1.65851E+12,2022-07-22T11:16:25.353,34.76,-0.56,-0.037,0.549,
1.65851E+12,2022-07-22T11:16:25.393,34.8,-0.606,-0.011,0.607,
1.65851E+12,2022-07-22T11:16:25.433,34.84,-0.667,0.008,0.688,
1.65851E+12,2022-07-22T11:16:25.473,34.88,-0.757,-0.027,0.748,
1.65851E+12,2022-07-22T11:16:25.513,34.92,-0.916,-0.128,0.746,
1.65851E+12,2022-07-22T11:16:25.553,34.96,-0.942,-0.136,0.873,
1.65851E+12,2022-07-22T11:16:25.593,35,-1.031,-0.206,1.09,
1.65851E+12,2022-07-22T11:16:25.633,35.04,-0.964,-0.346,1.191,
1.65851E+12,2022-07-22T11:16:25.673,35.08,-0.795,-0.537,1.037,
1.65851E+12,2022-07-22T11:16:25.713,35.12,-0.563,-0.641,0.84,
1.65851E+12,2022-07-22T11:16:25.753,35.16,-0.423,-0.563,0.635,
1.65851E+12,2022-07-22T11:16:25.793,35.2,-0.359,-0.529,0.592,
1.65851E+12,2022-07-22T11:16:25.833,35.24,-0.33,-0.649,0.747,
1.65851E+12,2022-07-22T11:16:25.873,35.28,-0.039,-0.651,1.1,
1.65851E+12,2022-07-22T11:16:25.913,35.32,0.396,-0.597,1.225,
1.65851E+12,2022-07-22T11:16:25.953,35.36,0.936,-0.795,1.358,
1.65851E+12,2022-07-22T11:16:25.993,35.4,1.446,-0.727,1.55,
1.65851E+12,2022-07-22T11:16:26.033,35.44,1.284,-0.686,1.401,
1.65851E+12,2022-07-22T11:16:26.073,35.48,0.83,-0.693,1.24,
1.65851E+12,2022-07-22T11:16:26.113,35.52,0.502,-0.659,1.097,
1.65851E+12,2022-07-22T11:16:26.153,35.56,0.193,-0.42,0.899,
1.65851E+12,2022-07-22T11:16:26.193,35.6,-0.144,-0.101,0.84,
1.65851E+12,2022-07-22T11:16:26.233,35.64,-0.128,0.201,0.788,
1.65851E+12,2022-07-22T11:16:26.273,35.68,-0.108,0.313,0.74,
1.65851E+12,2022-07-22T11:16:26.313,35.72,-0.122,0.401,0.384,
1.65851E+12,2022-07-22T11:16:26.353,35.76,-0.002,0.477,0.042,
1.65851E+12,2022-07-22T11:16:26.393,35.8,0.228,0.434,0,
1.65851E+12,2022-07-22T11:16:26.433,35.84,0.355,0.55,-0.079,
1.65851E+12,2022-07-22T11:16:26.473,35.88,0.394,0.532,-0.014,
1.65851E+12,2022-07-22T11:16:26.513,35.92,0.378,0.554,0.142,
1.65851E+12,2022-07-22T11:16:26.553,35.96,0.346,0.563,0.28,
1.65851E+12,2022-07-22T11:16:26.593,36,0.094,0.501,0.551,
1.65851E+12,2022-07-22T11:16:26.633,36.04,0.098,0.171,0.854,
1.65851E+12,2022-07-22T11:16:26.673,36.08,0.06,-0.124,1.1,
1.65851E+12,2022-07-22T11:16:26.713,36.12,-0.007,-0.376,1.421,
1.65851E+12,2022-07-22T11:16:26.753,36.16,0.211,-0.592,1.479,
1.65851E+12,2022-07-22T11:16:26.793,36.2,0.114,-0.783,1.329,
1.65851E+12,2022-07-22T11:16:26.833,36.24,0.098,-1.069,1.192,
1.65851E+12,2022-07-22T11:16:26.873,36.28,0.153,-1.093,0.927,
1.65851E+12,2022-07-22T11:16:26.913,36.32,0.143,-1.158,0.761,
1.65851E+12,2022-07-22T11:16:26.953,36.36,0.208,-1.07,0.63,
1.65851E+12,2022-07-22T11:16:26.993,36.4,0.207,-0.926,0.561,
1.65851E+12,2022-07-22T11:16:27.033,36.44,0.102,-1.113,0.603,
1.65851E+12,2022-07-22T11:16:27.073,36.48,0.128,-1.317,0.596,
1.65851E+12,2022-07-22T11:16:27.113,36.52,0.276,-1.192,0.411,
1.65851E+12,2022-07-22T11:16:27.153,36.56,0.117,-1.076,0.129,
1.65851E+12,2022-07-22T11:16:27.193,36.6,-0.157,-1.333,0.448,
1.65851E+12,2022-07-22T11:16:27.233,36.64,-0.07,-1.507,0.28,
1.65851E+12,2022-07-22T11:16:27.273,36.68,-0.123,-1.531,-0.026,
1.65851E+12,2022-07-22T11:16:27.313,36.72,-0.331,-1.562,0.201,
1.65851E+12,2022-07-22T11:16:27.353,36.76,-0.43,-1.37,0.296,
1.65851E+12,2022-07-22T11:16:27.393,36.8,-0.359,-1.058,0.196,
1.65851E+12,2022-07-22T11:16:27.433,36.84,-0.168,-0.864,0.067,
1.65851E+12,2022-07-22T11:16:27.473,36.88,-0.029,-1.013,-0.03,
1.65851E+12,2022-07-22T11:16:27.513,36.92,-0.053,-1.019,-0.163,
1.65851E+12,2022-07-22T11:16:27.553,36.96,-0.094,-1.028,-0.281,
1.65851E+12,2022-07-22T11:16:27.593,37,-0.239,-1.003,-0.346,
1.65851E+12,2022-07-22T11:16:27.633,37.04,-0.343,-0.894,-0.327,
1.65851E+12,2022-07-22T11:16:27.673,37.08,-0.285,-0.653,-0.145,
1.65851E+12,2022-07-22T11:16:27.713,37.12,-0.228,-0.468,0.093,
1.65851E+12,2022-07-22T11:16:27.753,37.16,-0.262,-0.419,0.288,
1.65851E+12,2022-07-22T11:16:27.793,37.2,-0.362,-0.528,0.315,
1.65851E+12,2022-07-22T11:16:27.833,37.24,-0.321,-0.639,0.303,
1.65851E+12,2022-07-22T11:16:27.873,37.28,-0.16,-0.731,0.372,
1.65851E+12,2022-07-22T11:16:27.913,37.32,0.011,-0.694,0.405,
1.65851E+12,2022-07-22T11:16:27.953,37.36,-0.036,-0.782,0.359,
1.65851E+12,2022-07-22T11:16:27.993,37.4,-0.228,-0.96,0.407,
1.65851E+12,2022-07-22T11:16:28.033,37.44,-0.365,-1.07,0.502,
1.65851E+12,2022-07-22T11:16:28.073,37.48,-0.291,-1.078,0.397,
1.65851E+12,2022-07-22T11:16:28.113,37.52,-0.103,-1.144,0.2,
1.65851E+12,2022-07-22T11:16:28.153,37.56,0.064,-1.29,0.046,
1.65851E+12,2022-07-22T11:16:28.193,37.6,-0.015,-1.199,0.038,
1.65851E+12,2022-07-22T11:16:28.233,37.64,-0.197,-1.119,0.191,
1.65851E+12,2022-07-22T11:16:28.273,37.68,-0.296,-1.058,0.178,
1.65851E+12,2022-07-22T11:16:28.313,37.72,-0.231,-1.014,0.101,
1.65851E+12,2022-07-22T11:16:28.353,37.76,-0.183,-0.972,0.103,
1.65851E+12,2022-07-22T11:16:28.393,37.8,-0.227,-0.841,0.123,
1.65851E+12,2022-07-22T11:16:28.433,37.84,-0.189,-1.173,0.052,
1.65851E+12,2022-07-22T11:16:28.473,37.88,-0.138,-1.601,-0.062,
1.65851E+12,2022-07-22T11:16:28.513,37.92,-0.269,-0.995,0.087,
1.65851E+12,2022-07-22T11:16:28.553,37.96,-0.418,-0.72,0.05,
1.65851E+12,2022-07-22T11:16:28.593,38,-0.521,-0.785,-0.093,
1.65851E+12,2022-07-22T11:16:28.633,38.04,-0.531,-0.704,-0.216,
1.65851E+12,2022-07-22T11:16:28.673,38.08,-0.394,-0.707,-0.048,
1.65851E+12,2022-07-22T11:16:28.713,38.12,-0.598,-0.947,0.292,
1.65851E+12,2022-07-22T11:16:28.753,38.16,-0.253,-1.072,0.641,
1.65851E+12,2022-07-22T11:16:28.793,38.2,-0.591,-1.14,0.585,
1.65851E+12,2022-07-22T11:16:28.833,38.24,-0.707,-0.947,-0.002,
1.65851E+12,2022-07-22T11:16:28.873,38.28,-0.146,-0.616,0.092,
1.65851E+12,2022-07-22T11:16:28.913,38.32,-0.334,-0.629,0.153,
1.65851E+12,2022-07-22T11:16:28.953,38.36,-0.38,-0.607,0.099,
1.65851E+12,2022-07-22T11:16:28.993,38.4,-0.208,-0.553,-0.091,
1.65851E+12,2022-07-22T11:16:29.033,38.44,-0.126,-0.594,-0.048,
1.65851E+12,2022-07-22T11:16:29.073,38.48,-0.093,-0.717,0.061,
1.65851E+12,2022-07-22T11:16:29.113,38.52,-0.207,-0.85,0.339,
1.65851E+12,2022-07-22T11:16:29.153,38.56,-0.22,-0.823,0.202,
1.65851E+12,2022-07-22T11:16:29.193,38.6,-0.307,-0.837,-0.019,
1.65851E+12,2022-07-22T11:16:29.233,38.64,-0.457,-1.151,0.08,
1.65851E+12,2022-07-22T11:16:29.273,38.68,-0.673,-1.49,0.327,
1.65851E+12,2022-07-22T11:16:29.313,38.72,-0.659,-1.319,0.262,
1.65851E+12,2022-07-22T11:16:29.353,38.76,-0.347,-1.143,0.12,
1.65851E+12,2022-07-22T11:16:29.393,38.8,0.019,-1.106,-0.066,
1.65851E+12,2022-07-22T11:16:29.433,38.84,0.432,-0.948,-0.124,
1.65851E+12,2022-07-22T11:16:29.473,38.88,0.237,-0.923,0.289,
1.65851E+12,2022-07-22T11:16:29.513,38.92,-0.068,-0.929,0.225,
1.65851E+12,2022-07-22T11:16:29.553,38.96,-0.152,-0.979,-0.16,
1.65851E+12,2022-07-22T11:16:29.593,39,-0.167,-1.004,-0.233,
1.65851E+12,2022-07-22T11:16:29.633,39.04,-0.11,-1.023,0.041,
1.65851E+12,2022-07-22T11:16:29.673,39.08,0.3,-1.082,0.453,
1.65851E+12,2022-07-22T11:16:29.713,39.12,-0.074,-1.043,0.134,
1.65851E+12,2022-07-22T11:16:29.753,39.16,-0.275,-0.939,-0.15,
1.65851E+12,2022-07-22T11:16:29.793,39.2,-0.234,-0.905,-0.157,
,,,,,,
,,,,,,
,,,,,,
,,,,,,
,,,,,,
,,,,,,
,,,,,,
,,,,,,
,,,,,,
,,,,,,
1.65851E+12,2022-07-22T11:16:29.993,39.4,-0.198,-0.999,-0.012,trial4
1.65851E+12,2022-07-22T11:16:30.033,39.44,-0.138,-1.01,0.01,
1.65851E+12,2022-07-22T11:16:30.073,39.48,-0.174,-0.967,0.052,
1.65851E+12,2022-07-22T11:16:30.113,39.52,-0.155,-0.935,0.093,
1.65851E+12,2022-07-22T11:16:30.153,39.56,-0.135,-0.919,0.039,
1.65851E+12,2022-07-22T11:16:30.193,39.6,-0.121,-0.91,0.025,
1.65851E+12,2022-07-22T11:16:30.233,39.64,-0.157,-0.953,0.043,
1.65851E+12,2022-07-22T11:16:30.273,39.68,-0.133,-0.975,0.049,
1.65851E+12,2022-07-22T11:16:30.313,39.72,-0.144,-0.959,0.035,
1.65851E+12,2022-07-22T11:16:30.353,39.76,-0.181,-0.975,0.063,
1.65851E+12,2022-07-22T11:16:30.393,39.8,-0.23,-0.977,0.069,
1.65851E+12,2022-07-22T11:16:30.433,39.84,-0.221,-0.977,0.07,
1.65851E+12,2022-07-22T11:16:30.473,39.88,-0.232,-0.958,0.051,
1.65851E+12,2022-07-22T11:16:30.513,39.92,-0.247,-0.955,0.055,
1.65851E+12,2022-07-22T11:16:30.553,39.96,-0.226,-0.959,0.057,
1.65851E+12,2022-07-22T11:16:30.593,40,-0.217,-0.971,0.055,
1.65851E+12,2022-07-22T11:16:30.633,40.04,-0.213,-0.97,0.071,
1.65851E+12,2022-07-22T11:16:30.673,40.08,-0.175,-0.962,0.046,
1.65851E+12,2022-07-22T11:16:30.713,40.12,-0.203,-0.962,0.042,
1.65851E+12,2022-07-22T11:16:30.753,40.16,-0.208,-0.96,0.049,
1.65851E+12,2022-07-22T11:16:30.793,40.2,-0.192,-0.961,0.064,
1.65851E+12,2022-07-22T11:16:30.833,40.24,-0.195,-0.972,0.064,
1.65851E+12,2022-07-22T11:16:30.873,40.28,-0.193,-0.974,0.064,
1.65851E+12,2022-07-22T11:16:30.913,40.32,-0.213,-0.976,0.06,
1.65851E+12,2022-07-22T11:16:30.953,40.36,-0.238,-0.992,0.071,
1.65851E+12,2022-07-22T11:16:30.993,40.4,-0.213,-0.968,0.14,
1.65851E+12,2022-07-22T11:16:31.033,40.44,-0.112,-0.884,0.197,
1.65851E+12,2022-07-22T11:16:31.073,40.48,-0.046,-0.848,0.155,
1.65851E+12,2022-07-22T11:16:31.113,40.52,-0.041,-0.847,0.088,
1.65851E+12,2022-07-22T11:16:31.153,40.56,-0.002,-0.81,0.085,
1.65851E+12,2022-07-22T11:16:31.193,40.6,0.026,-0.71,0.136,
1.65851E+12,2022-07-22T11:16:31.233,40.64,-0.091,-0.477,0.125,
1.65851E+12,2022-07-22T11:16:31.273,40.68,-0.233,-0.339,0.077,
1.65851E+12,2022-07-22T11:16:31.313,40.72,-0.298,-0.49,0.165,
1.65851E+12,2022-07-22T11:16:31.353,40.76,-0.318,-0.635,0.199,
1.65851E+12,2022-07-22T11:16:31.393,40.8,-0.228,-0.713,0.172,
1.65851E+12,2022-07-22T11:16:31.433,40.84,-0.119,-0.846,0.175,
1.65851E+12,2022-07-22T11:16:31.473,40.88,-0.154,-1.013,0.222,
1.65851E+12,2022-07-22T11:16:31.513,40.92,-0.213,-1.138,0.25,
1.65851E+12,2022-07-22T11:16:31.553,40.96,-0.199,-1.253,0.221,
1.65851E+12,2022-07-22T11:16:31.593,41,-0.149,-1.382,0.204,
1.65851E+12,2022-07-22T11:16:31.633,41.04,-0.061,-1.445,0.197,
1.65851E+12,2022-07-22T11:16:31.673,41.08,-0.037,-1.442,0.237,
1.65851E+12,2022-07-22T11:16:31.713,41.12,-0.126,-1.409,0.245,
1.65851E+12,2022-07-22T11:16:31.753,41.16,-0.208,-1.328,0.349,
1.65851E+12,2022-07-22T11:16:31.793,41.2,-0.22,-1.244,0.456,
1.65851E+12,2022-07-22T11:16:31.833,41.24,-0.187,-1.184,0.574,
1.65851E+12,2022-07-22T11:16:31.873,41.28,-0.057,-1.154,0.593,
1.65851E+12,2022-07-22T11:16:31.913,41.32,-0.006,-1.125,0.62,
1.65851E+12,2022-07-22T11:16:31.953,41.36,-0.049,-1.211,0.64,
1.65851E+12,2022-07-22T11:16:31.993,41.4,-0.048,-1.278,0.654,
1.65851E+12,2022-07-22T11:16:32.033,41.44,0.05,-1.282,0.682,
1.65851E+12,2022-07-22T11:16:32.073,41.48,0.11,-1.342,0.696,
1.65851E+12,2022-07-22T11:16:32.113,41.52,0.085,-1.354,0.642,
1.65851E+12,2022-07-22T11:16:32.153,41.56,0.075,-1.315,0.655,
1.65851E+12,2022-07-22T11:16:32.193,41.6,0.1,-1.225,0.712,
1.65851E+12,2022-07-22T11:16:32.233,41.64,0.214,-1.08,0.658,
1.65851E+12,2022-07-22T11:16:32.273,41.68,0.301,-0.501,0.417,
1.65851E+12,2022-07-22T11:16:32.313,41.72,0.375,0.149,0.201,
1.65851E+12,2022-07-22T11:16:32.353,41.76,-0.019,0.646,0.996,
1.65851E+12,2022-07-22T11:16:32.393,41.8,-0.302,0.451,1.713,
1.65851E+12,2022-07-22T11:16:32.433,41.84,-0.162,0.554,1.429,
1.65851E+12,2022-07-22T11:16:32.473,41.88,-0.324,0.111,1.101,
1.65851E+12,2022-07-22T11:16:32.513,41.92,-0.48,-0.661,0.307,
1.65851E+12,2022-07-22T11:16:32.553,41.96,-0.635,-1.013,-0.449,
1.65851E+12,2022-07-22T11:16:32.593,42,-0.46,-1.077,-0.912,
1.65851E+12,2022-07-22T11:16:32.633,42.04,0.252,-0.873,-0.944,
1.65851E+12,2022-07-22T11:16:32.673,42.08,0.732,-0.383,-0.759,
1.65851E+12,2022-07-22T11:16:32.713,42.12,0.72,-0.57,-0.674,
1.65851E+12,2022-07-22T11:16:32.753,42.16,1.539,-1.451,-1.427,
1.65851E+12,2022-07-22T11:16:32.793,42.2,0.958,-1.262,-1.965,
1.65851E+12,2022-07-22T11:16:32.833,42.24,-0.078,-1.191,-2,
1.65851E+12,2022-07-22T11:16:32.873,42.28,-0.226,-1.516,-1.994,
1.65851E+12,2022-07-22T11:16:32.913,42.32,1.15,-0.771,-1.923,
1.65851E+12,2022-07-22T11:16:32.953,42.36,0.149,-1.034,-1.12,
1.65851E+12,2022-07-22T11:16:32.993,42.4,-0.01,0.057,0.511,
1.65851E+12,2022-07-22T11:16:33.033,42.44,0.636,0.446,-0.286,
1.65851E+12,2022-07-22T11:16:33.073,42.48,0.232,-0.257,-0.675,
1.65851E+12,2022-07-22T11:16:33.113,42.52,-0.04,-0.012,-0.458,
1.65851E+12,2022-07-22T11:16:33.153,42.56,0.172,0.151,-0.558,
1.65851E+12,2022-07-22T11:16:33.193,42.6,-0.243,0.236,-1.696,
1.65851E+12,2022-07-22T11:16:33.233,42.64,0.193,0.246,-1.788,
1.65851E+12,2022-07-22T11:16:33.273,42.68,0.176,0.023,-0.695,
1.65851E+12,2022-07-22T11:16:33.313,42.72,0.154,-0.152,-0.424,
1.65851E+12,2022-07-22T11:16:33.353,42.76,0.071,-0.011,-0.838,
1.65851E+12,2022-07-22T11:16:33.393,42.8,-0.012,-0.02,-0.949,
1.65851E+12,2022-07-22T11:16:33.433,42.84,0.205,-0.065,-0.853,
1.65851E+12,2022-07-22T11:16:33.473,42.88,0.253,-0.095,-1.042,
1.65851E+12,2022-07-22T11:16:33.513,42.92,0.295,-0.04,-1.238,
1.65851E+12,2022-07-22T11:16:33.553,42.96,0.216,0.026,-1.078,
1.65851E+12,2022-07-22T11:16:33.593,43,0.174,0.017,-0.856,
1.65851E+12,2022-07-22T11:16:33.633,43.04,0.16,-0.022,-0.855,
1.65851E+12,2022-07-22T11:16:33.673,43.08,0.194,-0.049,-0.954,
1.65851E+12,2022-07-22T11:16:33.713,43.12,0.233,-0.007,-1.059,
1.65851E+12,2022-07-22T11:16:33.753,43.16,0.273,0.047,-1.036,
1.65851E+12,2022-07-22T11:16:33.793,43.2,0.246,0.013,-0.966,
1.65851E+12,2022-07-22T11:16:33.833,43.24,0.211,-0.026,-0.942,
1.65851E+12,2022-07-22T11:16:33.873,43.28,0.2,-0.038,-0.945,
1.65851E+12,2022-07-22T11:16:33.913,43.32,0.165,-0.036,-0.956,
1.65851E+12,2022-07-22T11:16:33.953,43.36,0.16,0.003,-0.954,
1.65851E+12,2022-07-22T11:16:33.993,43.4,0.17,0.035,-0.966,
1.65851E+12,2022-07-22T11:16:34.033,43.44,0.162,0.035,-0.982,
1.65851E+12,2022-07-22T11:16:34.073,43.48,0.186,0.019,-0.988,
1.65851E+12,2022-07-22T11:16:34.113,43.52,0.202,0,-0.977,
1.65851E+12,2022-07-22T11:16:34.153,43.56,0.221,-0.019,-0.959,
1.65851E+12,2022-07-22T11:16:34.193,43.6,0.232,-0.013,-0.959,
1.65851E+12,2022-07-22T11:16:34.233,43.64,0.215,0.01,-0.985,
1.65851E+12,2022-07-22T11:16:34.273,43.68,0.206,0.017,-0.984,
1.65851E+12,2022-07-22T11:16:34.313,43.72,0.201,0.011,-0.955,
1.65851E+12,2022-07-22T11:16:34.353,43.76,0.188,0.011,-0.962,
1.65851E+12,2022-07-22T11:16:34.393,43.8,0.197,0.012,-0.987,
1.65851E+12,2022-07-22T11:16:34.433,43.84,0.219,0.008,-0.973,
1.65851E+12,2022-07-22T11:16:34.473,43.88,0.221,0.007,-0.974,
1.65851E+12,2022-07-22T11:16:34.513,43.92,0.227,0.008,-0.966,
1.65851E+12,2022-07-22T11:16:34.553,43.96,0.217,0.005,-0.958,
1.65851E+12,2022-07-22T11:16:34.593,44,0.215,-0.015,-0.956,
1.65851E+12,2022-07-22T11:16:34.633,44.04,0.228,-0.092,-0.953,
1.65851E+12,2022-07-22T11:16:34.673,44.08,0.293,-0.106,-1.01,
1.65851E+12,2022-07-22T11:16:34.713,44.12,0.268,-0.135,-1.14,
1.65851E+12,2022-07-22T11:16:34.753,44.16,0.229,-0.203,-1.283,
1.65851E+12,2022-07-22T11:16:34.793,44.2,0.252,-0.183,-1.413,
1.65851E+12,2022-07-22T11:16:34.833,44.24,0.262,-0.047,-1.566,
1.65851E+12,2022-07-22T11:16:34.873,44.28,0.296,0.082,-1.645,
1.65851E+12,2022-07-22T11:16:34.913,44.32,0.417,0.113,-1.681,
1.65851E+12,2022-07-22T11:16:34.953,44.36,0.468,0.116,-1.605,
1.65851E+12,2022-07-22T11:16:34.993,44.4,0.6,-0.016,-1.518,
1.65851E+12,2022-07-22T11:16:35.033,44.44,0.59,-0.1,-1.303,
1.65851E+12,2022-07-22T11:16:35.073,44.48,0.538,-0.159,-1.08,
1.65851E+12,2022-07-22T11:16:35.113,44.52,0.492,-0.179,-0.821,
1.65851E+12,2022-07-22T11:16:35.153,44.56,0.428,-0.136,-0.413,
1.65851E+12,2022-07-22T11:16:35.193,44.6,0.122,-0.21,0.173,
1.65851E+12,2022-07-22T11:16:35.233,44.64,0.118,0.021,0.317,
1.65851E+12,2022-07-22T11:16:35.273,44.68,-0.307,0.174,0.396,
1.65851E+12,2022-07-22T11:16:35.313,44.72,-0.148,0.304,0.515,
1.65851E+12,2022-07-22T11:16:35.353,44.76,-0.543,0.142,0.633,
1.65851E+12,2022-07-22T11:16:35.393,44.8,-0.629,0.104,0.795,
1.65851E+12,2022-07-22T11:16:35.433,44.84,-0.453,0.058,0.87,
1.65851E+12,2022-07-22T11:16:35.473,44.88,-0.554,0.052,0.963,
1.65851E+12,2022-07-22T11:16:35.513,44.92,-0.724,0.013,0.903,
1.65851E+12,2022-07-22T11:16:35.553,44.96,-0.77,-0.087,0.956,
1.65851E+12,2022-07-22T11:16:35.593,45,-0.682,-0.085,1.045,
1.65851E+12,2022-07-22T11:16:35.633,45.04,-0.595,-0.199,1.042,
1.65851E+12,2022-07-22T11:16:35.673,45.08,-0.591,-0.244,1.066,
1.65851E+12,2022-07-22T11:16:35.713,45.12,-0.64,-0.465,1.085,
1.65851E+12,2022-07-22T11:16:35.753,45.16,-0.569,-0.261,1.254,
1.65851E+12,2022-07-22T11:16:35.793,45.2,-0.293,-0.087,1.215,
1.65851E+12,2022-07-22T11:16:35.833,45.24,-0.244,0.09,1.153,
1.65851E+12,2022-07-22T11:16:35.873,45.28,-0.368,0.059,0.961,
1.65851E+12,2022-07-22T11:16:35.913,45.32,-0.503,0.002,0.741,
1.65851E+12,2022-07-22T11:16:35.953,45.36,-0.509,-0.129,0.607,
1.65851E+12,2022-07-22T11:16:35.993,45.4,-0.484,-0.028,0.611,
1.65851E+12,2022-07-22T11:16:36.033,45.44,-0.482,0.039,0.681,
1.65851E+12,2022-07-22T11:16:36.073,45.48,-0.484,0.059,0.772,
1.65851E+12,2022-07-22T11:16:36.113,45.52,-0.554,-0.035,0.875,
1.65851E+12,2022-07-22T11:16:36.153,45.56,-0.751,-0.141,0.862,
1.65851E+12,2022-07-22T11:16:36.193,45.6,-0.842,-0.265,0.834,
1.65851E+12,2022-07-22T11:16:36.233,45.64,-0.747,-0.438,0.8,
1.65851E+12,2022-07-22T11:16:36.273,45.68,-0.531,-0.516,0.954,
1.65851E+12,2022-07-22T11:16:36.313,45.72,-0.473,-0.831,1.087,
1.65851E+12,2022-07-22T11:16:36.353,45.76,-0.083,-1.233,0.831,
1.65851E+12,2022-07-22T11:16:36.393,45.8,0.43,-1.204,0.851,
1.65851E+12,2022-07-22T11:16:36.433,45.84,0.487,-0.953,1.079,
1.65851E+12,2022-07-22T11:16:36.473,45.88,0.551,-0.971,1.256,
1.65851E+12,2022-07-22T11:16:36.513,45.92,0.85,-0.726,1.292,
1.65851E+12,2022-07-22T11:16:36.553,45.96,0.746,-0.645,1.17,
1.65851E+12,2022-07-22T11:16:36.593,46,0.616,-0.605,1.131,
1.65851E+12,2022-07-22T11:16:36.633,46.04,0.502,-0.55,1.162,
1.65851E+12,2022-07-22T11:16:36.673,46.08,0.534,-0.444,1.027,
1.65851E+12,2022-07-22T11:16:36.713,46.12,0.396,-0.241,0.951,
1.65851E+12,2022-07-22T11:16:36.753,46.16,0.313,-0.084,0.932,
1.65851E+12,2022-07-22T11:16:36.793,46.2,0.231,0.13,0.557,
1.65851E+12,2022-07-22T11:16:36.833,46.24,0.064,0.343,0.173,
1.65851E+12,2022-07-22T11:16:36.873,46.28,-0.12,0.486,-0.009,
1.65851E+12,2022-07-22T11:16:36.913,46.32,0.07,0.452,-0.018,
1.65851E+12,2022-07-22T11:16:36.953,46.36,0.315,0.379,0.172,
1.65851E+12,2022-07-22T11:16:36.993,46.4,0.383,0.395,0.32,
1.65851E+12,2022-07-22T11:16:37.033,46.44,0.488,0.161,0.59,
1.65851E+12,2022-07-22T11:16:37.073,46.48,0.563,0.078,0.839,
1.65851E+12,2022-07-22T11:16:37.113,46.52,0.544,-0.088,0.983,
1.65851E+12,2022-07-22T11:16:37.153,46.56,0.788,0.053,1.184,
1.65851E+12,2022-07-22T11:16:37.193,46.6,0.844,0.001,1.29,
1.65851E+12,2022-07-22T11:16:37.233,46.64,0.63,-0.018,1.279,
1.65851E+12,2022-07-22T11:16:37.273,46.68,0.292,0.1,1.079,
1.65851E+12,2022-07-22T11:16:37.313,46.72,-0.059,0.217,0.791,
1.65851E+12,2022-07-22T11:16:37.353,46.76,-0.257,-0.321,0.717,
1.65851E+12,2022-07-22T11:16:37.393,46.8,-0.279,-0.647,0.664,
1.65851E+12,2022-07-22T11:16:37.433,46.84,-0.254,-0.593,0.72,
1.65851E+12,2022-07-22T11:16:37.473,46.88,-0.155,-0.83,0.558,
1.65851E+12,2022-07-22T11:16:37.513,46.92,-0.002,-1.275,0.249,
1.65851E+12,2022-07-22T11:16:37.553,46.96,0.282,-1.618,0.209,
1.65851E+12,2022-07-22T11:16:37.593,47,0.292,-1.802,0.239,
1.65851E+12,2022-07-22T11:16:37.633,47.04,0.257,-1.99,0.635,
1.65851E+12,2022-07-22T11:16:37.673,47.08,0.528,-1.965,0.984,
1.65851E+12,2022-07-22T11:16:37.713,47.12,0.801,-1.656,1.041,
1.65851E+12,2022-07-22T11:16:37.753,47.16,1.027,-1.327,0.912,
1.65851E+12,2022-07-22T11:16:37.793,47.2,0.716,-0.98,0.73,
1.65851E+12,2022-07-22T11:16:37.833,47.24,0.127,-0.814,0.323,
1.65851E+12,2022-07-22T11:16:37.873,47.28,-0.264,-0.604,0.04,
1.65851E+12,2022-07-22T11:16:37.913,47.32,-0.358,-0.581,-0.107,
1.65851E+12,2022-07-22T11:16:37.953,47.36,-0.31,-0.877,-0.292,
1.65851E+12,2022-07-22T11:16:37.993,47.4,-0.211,-1.22,-0.536,
1.65851E+12,2022-07-22T11:16:38.033,47.44,-0.031,-1.771,-0.886,
1.65851E+12,2022-07-22T11:16:38.073,47.48,0.031,-1.329,-1.03,
1.65851E+12,2022-07-22T11:16:38.113,47.52,0.145,-1.003,-0.635,
1.65851E+12,2022-07-22T11:16:38.153,47.56,0.191,-1.132,-0.312,
1.65851E+12,2022-07-22T11:16:38.193,47.6,0.202,-1.234,0.049,
1.65851E+12,2022-07-22T11:16:38.233,47.64,0.136,-1.032,0.255,
1.65851E+12,2022-07-22T11:16:38.273,47.68,0.095,-1,0.164,
1.65851E+12,2022-07-22T11:16:38.313,47.72,-0.017,-1.067,0.051,
1.65851E+12,2022-07-22T11:16:38.353,47.76,0.102,-1.156,-0.025,
1.65851E+12,2022-07-22T11:16:38.393,47.8,0.129,-1.226,-0.037,
1.65851E+12,2022-07-22T11:16:38.433,47.84,0.122,-0.936,0.112,
1.65851E+12,2022-07-22T11:16:38.473,47.88,0.218,-0.629,0.13,
1.65851E+12,2022-07-22T11:16:38.513,47.92,0.222,-0.594,0.037,
1.65851E+12,2022-07-22T11:16:38.553,47.96,0.188,-0.608,0.095,
1.65851E+12,2022-07-22T11:16:38.593,48,0.205,-0.657,0.146,
1.65851E+12,2022-07-22T11:16:38.633,48.04,0.184,-0.73,0.232,
1.65851E+12,2022-07-22T11:16:38.673,48.08,0.177,-0.809,0.324,
1.65851E+12,2022-07-22T11:16:38.713,48.12,0.19,-0.835,0.327,
1.65851E+12,2022-07-22T11:16:38.753,48.16,0.141,-0.88,0.332,
1.65851E+12,2022-07-22T11:16:38.793,48.2,0.114,-0.92,0.308,
1.65851E+12,2022-07-22T11:16:38.833,48.24,0.115,-0.909,0.253,
1.65851E+12,2022-07-22T11:16:38.873,48.28,0.155,-0.981,0.172,
1.65851E+12,2022-07-22T11:16:38.913,48.32,0.089,-1.047,0.055,
1.65851E+12,2022-07-22T11:16:38.953,48.36,-0.074,-1.108,0.077,
1.65851E+12,2022-07-22T11:16:38.993,48.4,-0.023,-1.111,0.014,
1.65851E+12,2022-07-22T11:16:39.033,48.44,0.101,-1.068,-0.05,
1.65851E+12,2022-07-22T11:16:39.073,48.48,0.087,-1.06,-0.004,
1.65851E+12,2022-07-22T11:16:39.113,48.52,-0.05,-0.924,0.039,
1.65851E+12,2022-07-22T11:16:39.153,48.56,-0.206,-0.84,0.157,
1.65851E+12,2022-07-22T11:16:39.193,48.6,-0.25,-0.969,0.171,
1.65851E+12,2022-07-22T11:16:39.233,48.64,-0.261,-1.135,0.128,
1.65851E+12,2022-07-22T11:16:39.273,48.68,-0.255,-1.438,0.083,
1.65851E+12,2022-07-22T11:16:39.313,48.72,-0.206,-1.723,0.075,
1.65851E+12,2022-07-22T11:16:39.353,48.76,-0.012,-1.514,0.066,
1.65851E+12,2022-07-22T11:16:39.393,48.8,0.02,-0.997,0.196,
1.65851E+12,2022-07-22T11:16:39.433,48.84,-0.048,-0.362,0.185,
1.65851E+12,2022-07-22T11:16:39.473,48.88,-0.146,-0.172,0.123,
1.65851E+12,2022-07-22T11:16:39.513,48.92,-0.536,-0.229,-0.124,
1.65851E+12,2022-07-22T11:16:39.553,48.96,-1.083,-0.441,-0.26,
1.65851E+12,2022-07-22T11:16:39.593,49,-0.948,-0.797,0.075,
1.65851E+12,2022-07-22T11:16:39.633,49.04,-0.84,-1.035,0.261,
1.65851E+12,2022-07-22T11:16:39.673,49.08,-0.574,-1.016,0.723,
1.65851E+12,2022-07-22T11:16:39.713,49.12,-0.801,-0.827,0.724,
1.65851E+12,2022-07-22T11:16:39.753,49.16,-0.435,-0.606,0.133,
1.65851E+12,2022-07-22T11:16:39.793,49.2,-0.236,-0.486,-0.021,
1.65851E+12,2022-07-22T11:16:39.833,49.24,-0.713,-0.575,0.138,
1.65851E+12,2022-07-22T11:16:39.873,49.28,-0.953,-0.615,0.154,
1.65851E+12,2022-07-22T11:16:39.913,49.32,-0.916,-0.676,0.066,
1.65851E+12,2022-07-22T11:16:39.953,49.36,-0.676,-0.669,0.189,
1.65851E+12,2022-07-22T11:16:39.993,49.4,-0.455,-0.644,0.408,
1.65851E+12,2022-07-22T11:16:40.033,49.44,-0.293,-0.564,0.613,
1.65851E+12,2022-07-22T11:16:40.073,49.48,-0.63,-0.5,0.551,
1.65851E+12,2022-07-22T11:16:40.113,49.52,-0.747,-0.296,0.477,
1.65851E+12,2022-07-22T11:16:40.153,49.56,-0.059,-0.053,0.339,
1.65851E+12,2022-07-22T11:16:40.193,49.6,-0.183,-0.177,0.256,
,,,,,,
,,,,,,
,,,,,,
,,,,,,
,,,,,,
,,,,,,
,,,,,,
,,,,,,
,,,,,,
,,,,,,
1.65851E+12,2022-07-22T11:16:40.393,49.8,-0.616,-0.943,-0.001,trial5
1.65851E+12,2022-07-22T11:16:40.433,49.84,-0.04,-0.813,0.076,
1.65851E+12,2022-07-22T11:16:40.473,49.88,-0.508,-0.976,-0.129,
1.65851E+12,2022-07-22T11:16:40.513,49.92,-0.581,-0.905,-0.256,
1.65851E+12,2022-07-22T11:16:40.553,49.96,-0.506,-0.911,-0.165,
1.65851E+12,2022-07-22T11:16:40.593,50,-0.66,-0.993,-0.087,
1.65851E+12,2022-07-22T11:16:40.633,50.04,-0.638,-0.867,-0.278,
1.65851E+12,2022-07-22T11:16:40.673,50.08,-0.808,-0.836,-0.044,
1.65851E+12,2022-07-22T11:16:40.713,50.12,-0.991,-0.768,0.171,
1.65851E+12,2022-07-22T11:16:40.753,50.16,-0.471,-0.63,-0.175,
1.65851E+12,2022-07-22T11:16:40.793,50.2,-0.573,-0.468,-0.428,
1.65851E+12,2022-07-22T11:16:40.833,50.24,-0.33,-0.53,-0.458,
1.65851E+12,2022-07-22T11:16:40.873,50.28,-0.009,-0.739,-0.466,
1.65851E+12,2022-07-22T11:16:40.913,50.32,-0.466,-0.943,-0.424,
1.65851E+12,2022-07-22T11:16:40.953,50.36,-0.088,-1.029,-0.027,
1.65851E+12,2022-07-22T11:16:40.993,50.4,0.174,-1.11,0.213,
1.65851E+12,2022-07-22T11:16:41.033,50.44,-0.105,-0.869,0.173,
1.65851E+12,2022-07-22T11:16:41.073,50.48,-0.537,-0.783,-0.007,
1.65851E+12,2022-07-22T11:16:41.113,50.52,-0.631,-0.691,-0.059,
1.65851E+12,2022-07-22T11:16:41.153,50.56,-0.987,-0.62,-0.242,
1.65851E+12,2022-07-22T11:16:41.193,50.6,-0.776,-0.592,-0.288,
1.65851E+12,2022-07-22T11:16:41.233,50.64,0.24,-0.824,0.019,
1.65851E+12,2022-07-22T11:16:41.273,50.68,0.931,-1.103,0.352,
1.65851E+12,2022-07-22T11:16:41.313,50.72,0.333,-1.176,0.23,
1.65851E+12,2022-07-22T11:16:41.353,50.76,-0.618,-1.355,0.146,
1.65851E+12,2022-07-22T11:16:41.393,50.8,-0.743,-1.222,-0.108,
1.65851E+12,2022-07-22T11:16:41.433,50.84,-0.302,-0.931,-0.097,
1.65851E+12,2022-07-22T11:16:41.473,50.88,-0.105,-0.886,0.133,
1.65851E+12,2022-07-22T11:16:41.513,50.92,0.014,-0.977,0.277,
1.65851E+12,2022-07-22T11:16:41.553,50.96,0.168,-1.106,0.278,
1.65851E+12,2022-07-22T11:16:41.593,51,0.109,-1.151,0.206,
1.65851E+12,2022-07-22T11:16:41.633,51.04,-0.013,-1.048,0.236,
1.65851E+12,2022-07-22T11:16:41.673,51.08,-0.134,-1.008,0.277,
1.65851E+12,2022-07-22T11:16:41.713,51.12,-0.226,-1.03,0.192,
1.65851E+12,2022-07-22T11:16:41.753,51.16,-0.11,-1.076,0.092,
1.65851E+12,2022-07-22T11:16:41.793,51.2,0.145,-1.044,0.074,
1.65851E+12,2022-07-22T11:16:41.833,51.24,0.157,-0.938,0.134,
1.65851E+12,2022-07-22T11:16:41.873,51.28,-0.043,-0.943,0.292,
1.65851E+12,2022-07-22T11:16:41.913,51.32,-0.367,-0.877,0.408,
1.65851E+12,2022-07-22T11:16:41.953,51.36,-0.324,-0.931,0.068,
1.65851E+12,2022-07-22T11:16:41.993,51.4,-0.329,-0.955,-0.095,
1.65851E+12,2022-07-22T11:16:42.033,51.44,-0.338,-0.969,-0.064,
1.65851E+12,2022-07-22T11:16:42.073,51.48,-0.194,-0.969,-0.015,
1.65851E+12,2022-07-22T11:16:42.113,51.52,-0.204,-0.975,0.054,
1.65851E+12,2022-07-22T11:16:42.153,51.56,-0.224,-0.97,0.079,
1.65851E+12,2022-07-22T11:16:42.193,51.6,-0.266,-0.96,0.065,
1.65851E+12,2022-07-22T11:16:42.233,51.64,-0.285,-0.956,0.061,
1.65851E+12,2022-07-22T11:16:42.273,51.68,-0.207,-0.951,0.052,
1.65851E+12,2022-07-22T11:16:42.313,51.72,-0.193,-0.951,0.072,
1.65851E+12,2022-07-22T11:16:42.353,51.76,-0.2,-0.945,0.055,
1.65851E+12,2022-07-22T11:16:42.393,51.8,-0.198,-0.949,0.065,
1.65851E+12,2022-07-22T11:16:42.433,51.84,-0.181,-0.949,0.078,
1.65851E+12,2022-07-22T11:16:42.473,51.88,-0.207,-0.954,0.07,
1.65851E+12,2022-07-22T11:16:42.513,51.92,-0.236,-0.956,0.07,
1.65851E+12,2022-07-22T11:16:42.553,51.96,-0.249,-0.952,0.074,
1.65851E+12,2022-07-22T11:16:42.593,52,-0.263,-0.951,0.089,
1.65851E+12,2022-07-22T11:16:42.633,52.04,-0.244,-0.96,0.08,
1.65851E+12,2022-07-22T11:16:42.673,52.08,-0.248,-0.957,0.079,
1.65851E+12,2022-07-22T11:16:42.713,52.12,-0.258,-0.958,0.089,
1.65851E+12,2022-07-22T11:16:42.753,52.16,-0.235,-0.961,0.096,
1.65851E+12,2022-07-22T11:16:42.793,52.2,-0.232,-0.965,0.081,
1.65851E+12,2022-07-22T11:16:42.833,52.24,-0.216,-0.967,0.068,
1.65851E+12,2022-07-22T11:16:42.873,52.28,-0.195,-0.956,0.056,
1.65851E+12,2022-07-22T11:16:42.913,52.32,-0.188,-0.941,0.068,
1.65851E+12,2022-07-22T11:16:42.953,52.36,-0.174,-0.935,0.114,
1.65851E+12,2022-07-22T11:16:42.993,52.4,-0.2,-0.897,0.135,
1.65851E+12,2022-07-22T11:16:43.033,52.44,-0.17,-0.845,0.139,
1.65851E+12,2022-07-22T11:16:43.073,52.48,-0.097,-0.834,0.194,
1.65851E+12,2022-07-22T11:16:43.113,52.52,-0.115,-0.775,0.203,
1.65851E+12,2022-07-22T11:16:43.153,52.56,-0.21,-0.597,0.191,
1.65851E+12,2022-07-22T11:16:43.193,52.6,-0.223,-0.394,0.175,
1.65851E+12,2022-07-22T11:16:43.233,52.64,-0.19,-0.401,0.174,
1.65851E+12,2022-07-22T11:16:43.273,52.68,-0.194,-0.562,0.186,
1.65851E+12,2022-07-22T11:16:43.313,52.72,-0.239,-0.754,0.209,
1.65851E+12,2022-07-22T11:16:43.353,52.76,-0.212,-0.928,0.21,
1.65851E+12,2022-07-22T11:16:43.393,52.8,-0.175,-1.092,0.172,
1.65851E+12,2022-07-22T11:16:43.433,52.84,-0.122,-1.103,0.176,
1.65851E+12,2022-07-22T11:16:43.473,52.88,-0.151,-1.125,0.232,
1.65851E+12,2022-07-22T11:16:43.513,52.92,-0.187,-1.204,0.266,
1.65851E+12,2022-07-22T11:16:43.553,52.96,-0.167,-1.22,0.29,
1.65851E+12,2022-07-22T11:16:43.593,53,-0.115,-1.151,0.286,
1.65851E+12,2022-07-22T11:16:43.633,53.04,-0.135,-1.123,0.397,
1.65851E+12,2022-07-22T11:16:43.673,53.08,-0.18,-1.09,0.459,
1.65851E+12,2022-07-22T11:16:43.713,53.12,-0.208,-1.095,0.521,
1.65851E+12,2022-07-22T11:16:43.753,53.16,-0.17,-1.148,0.513,
1.65851E+12,2022-07-22T11:16:43.793,53.2,-0.164,-1.222,0.588,
1.65851E+12,2022-07-22T11:16:43.833,53.24,-0.143,-1.305,0.639,
1.65851E+12,2022-07-22T11:16:43.873,53.28,-0.139,-1.419,0.594,
1.65851E+12,2022-07-22T11:16:43.913,53.32,-0.096,-1.359,0.581,
1.65851E+12,2022-07-22T11:16:43.953,53.36,-0.04,-1.4,0.571,
1.65851E+12,2022-07-22T11:16:43.993,53.4,-0.049,-1.414,0.564,
1.65851E+12,2022-07-22T11:16:44.033,53.44,0.023,-1.359,0.685,
1.65851E+12,2022-07-22T11:16:44.073,53.48,0.071,-1.227,0.746,
1.65851E+12,2022-07-22T11:16:44.113,53.52,0.086,-0.914,0.685,
1.65851E+12,2022-07-22T11:16:44.153,53.56,0.304,-0.601,0.475,
1.65851E+12,2022-07-22T11:16:44.193,53.6,0.305,-0.007,0.649,
1.65851E+12,2022-07-22T11:16:44.233,53.64,-0.186,0.081,1.569,
1.65851E+12,2022-07-22T11:16:44.273,53.68,-0.293,0.617,2,
1.65851E+12,2022-07-22T11:16:44.313,53.72,0.028,0.505,1.334,
1.65851E+12,2022-07-22T11:16:44.353,53.76,-0.426,-0.244,0.966,
1.65851E+12,2022-07-22T11:16:44.393,53.8,-0.634,-0.887,0.371,
1.65851E+12,2022-07-22T11:16:44.433,53.84,-0.679,-1.391,-0.338,
1.65851E+12,2022-07-22T11:16:44.473,53.88,-0.4,-1.724,-0.616,
1.65851E+12,2022-07-22T11:16:44.513,53.92,0.189,-1.388,-0.822,
1.65851E+12,2022-07-22T11:16:44.553,53.96,1.095,-0.909,-0.581,
1.65851E+12,2022-07-22T11:16:44.593,54,1.676,-1.328,-0.551,
1.65851E+12,2022-07-22T11:16:44.633,54.04,2,-2,-1.583,
1.65851E+12,2022-07-22T11:16:44.673,54.08,1.908,-1.718,-2,
1.65851E+12,2022-07-22T11:16:44.713,54.12,0.689,-1.026,-2,
1.65851E+12,2022-07-22T11:16:44.753,54.16,1.094,-0.887,-1.968,
1.65851E+12,2022-07-22T11:16:44.793,54.2,0.204,-1.392,-1.404,
1.65851E+12,2022-07-22T11:16:44.833,54.24,0.227,-0.79,-0.364,
1.65851E+12,2022-07-22T11:16:44.873,54.28,0.686,0.359,-0.849,
1.65851E+12,2022-07-22T11:16:44.913,54.32,0.482,0.658,-1.539,
1.65851E+12,2022-07-22T11:16:44.953,54.36,0.018,-0.069,-0.391,
1.65851E+12,2022-07-22T11:16:44.993,54.4,0.157,-0.008,-0.367,
1.65851E+12,2022-07-22T11:16:45.033,54.44,0.162,0.161,-0.865,
1.65851E+12,2022-07-22T11:16:45.073,54.48,0.293,0.058,-1.034,
1.65851E+12,2022-07-22T11:16:45.113,54.52,0.529,0.054,-1.293,
1.65851E+12,2022-07-22T11:16:45.153,54.56,0.454,0.029,-1.068,
1.65851E+12,2022-07-22T11:16:45.193,54.6,0.407,0.07,-1.119,
1.65851E+12,2022-07-22T11:16:45.233,54.64,0.336,0.167,-1.074,
1.65851E+12,2022-07-22T11:16:45.273,54.68,0.195,0.092,-0.741,
1.65851E+12,2022-07-22T11:16:45.313,54.72,0.228,0.039,-0.701,
1.65851E+12,2022-07-22T11:16:45.353,54.76,0.343,0.075,-0.961,
1.65851E+12,2022-07-22T11:16:45.393,54.8,0.435,-0.013,-0.952,
1.65851E+12,2022-07-22T11:16:45.433,54.84,0.437,-0.035,-0.951,
1.65851E+12,2022-07-22T11:16:45.473,54.88,0.417,0.023,-0.966,
1.65851E+12,2022-07-22T11:16:45.513,54.92,0.35,0.074,-0.922,
1.65851E+12,2022-07-22T11:16:45.553,54.96,0.37,0.077,-0.835,
1.65851E+12,2022-07-22T11:16:45.593,55,0.404,0.052,-0.868,
1.65851E+12,2022-07-22T11:16:45.633,55.04,0.425,0.055,-0.969,
1.65851E+12,2022-07-22T11:16:45.673,55.08,0.47,0.073,-0.963,
1.65851E+12,2022-07-22T11:16:45.713,55.12,0.424,0.059,-0.884,
1.65851E+12,2022-07-22T11:16:45.753,55.16,0.388,0.042,-0.84,
1.65851E+12,2022-07-22T11:16:45.793,55.2,0.399,0.02,-0.859,
1.65851E+12,2022-07-22T11:16:45.833,55.24,0.441,-0.008,-0.864,
1.65851E+12,2022-07-22T11:16:45.913,55.32,0.454,0.08,-0.893,
1.65851E+12,2022-07-22T11:16:45.953,55.36,0.429,0.075,-0.884,
1.65851E+12,2022-07-22T11:16:45.993,55.4,0.442,0.048,-0.881,
1.65851E+12,2022-07-22T11:16:46.033,55.44,0.462,0.027,-0.883,
1.65851E+12,2022-07-22T11:16:46.073,55.48,0.463,0.047,-0.906,
1.65851E+12,2022-07-22T11:16:46.113,55.52,0.463,0.066,-0.895,
1.65851E+12,2022-07-22T11:16:46.193,55.6,0.456,0.038,-0.872,
1.65851E+12,2022-07-22T11:16:46.233,55.64,0.475,0.026,-0.84,
1.65851E+12,2022-07-22T11:16:46.593,56,0.506,-0.077,-0.986,
1.65851E+12,2022-07-22T11:16:46.633,56.04,0.481,-0.13,-0.922,
1.65851E+12,2022-07-22T11:16:46.673,56.08,0.596,-0.242,-0.957,
1.65851E+12,2022-07-22T11:16:46.713,56.12,0.677,-0.283,-1.016,
1.65851E+12,2022-07-22T11:16:46.753,56.16,0.669,-0.348,-1.044,
1.65851E+12,2022-07-22T11:16:46.793,56.2,0.768,-0.478,-1.075,
1.65851E+12,2022-07-22T11:16:46.833,56.24,0.952,-0.676,-1.224,
1.65851E+12,2022-07-22T11:16:46.873,56.28,1.166,-0.931,-1.449,
1.65851E+12,2022-07-22T11:16:46.913,56.32,1.328,-1.188,-1.572,
1.65851E+12,2022-07-22T11:16:46.953,56.36,1.46,-1.442,-1.456,
1.65851E+12,2022-07-22T11:16:46.993,56.4,1.241,-1.541,-1.228,
1.65851E+12,2022-07-22T11:16:47.033,56.44,0.732,-1.251,-0.83,
1.65851E+12,2022-07-22T11:16:47.073,56.48,-0.235,-0.982,-0.555,
1.65851E+12,2022-07-22T11:16:47.113,56.52,-0.758,-1.398,-0.053,
1.65851E+12,2022-07-22T11:16:47.153,56.56,-1.689,-1.515,0.629,
1.65851E+12,2022-07-22T11:16:47.193,56.6,-1.036,-0.398,0.659,
1.65851E+12,2022-07-22T11:16:47.233,56.64,-0.589,-0.199,1.382,
1.65851E+12,2022-07-22T11:16:47.273,56.68,-0.993,-0.232,1.247,
1.65851E+12,2022-07-22T11:16:47.313,56.72,-1.161,-0.127,0.992,
1.65851E+12,2022-07-22T11:16:47.353,56.76,-1.005,-0.113,1.026,
1.65851E+12,2022-07-22T11:16:47.393,56.8,-0.809,-0.188,1.005,
1.65851E+12,2022-07-22T11:16:47.433,56.84,-0.745,-0.284,0.899,
1.65851E+12,2022-07-22T11:16:47.473,56.88,-0.833,-0.281,0.604,
1.65851E+12,2022-07-22T11:16:47.513,56.92,-0.866,-0.302,0.413,
1.65851E+12,2022-07-22T11:16:47.553,56.96,-0.83,-0.159,0.556,
1.65851E+12,2022-07-22T11:16:47.593,57,-0.691,-0.116,0.669,
1.65851E+12,2022-07-22T11:16:47.633,57.04,-0.81,-0.038,0.583,
1.65851E+12,2022-07-22T11:16:47.673,57.08,-0.741,-0.065,0.586,
1.65851E+12,2022-07-22T11:16:47.713,57.12,-0.714,-0.212,0.585,
1.65851E+12,2022-07-22T11:16:47.753,57.16,-0.733,-0.279,0.644,
1.65851E+12,2022-07-22T11:16:47.793,57.2,-0.659,-0.302,0.696,
1.65851E+12,2022-07-22T11:16:47.833,57.24,-0.571,-0.381,0.77,
1.65851E+12,2022-07-22T11:16:47.873,57.28,-0.475,-0.386,1.031,
1.65851E+12,2022-07-22T11:16:47.913,57.32,-0.414,-0.336,1.197,
1.65851E+12,2022-07-22T11:16:47.953,57.36,-0.302,-0.491,1.094,
1.65851E+12,2022-07-22T11:16:47.993,57.4,-0.204,-0.929,1.028,
1.65851E+12,2022-07-22T11:16:48.033,57.44,-0.037,-1.227,0.967,
1.65851E+12,2022-07-22T11:16:48.073,57.48,0.053,-1.164,0.98,
1.65851E+12,2022-07-22T11:16:48.113,57.52,0.268,-1.023,0.887,
1.65851E+12,2022-07-22T11:16:48.153,57.56,0.557,-0.733,0.878,
1.65851E+12,2022-07-22T11:16:48.193,57.6,0.475,-0.652,0.991,
1.65851E+12,2022-07-22T11:16:48.233,57.64,0.401,-0.445,1.224,
1.65851E+12,2022-07-22T11:16:48.273,57.68,0.422,-0.281,1.361,
1.65851E+12,2022-07-22T11:16:48.313,57.72,0.368,-0.247,1.181,
1.65851E+12,2022-07-22T11:16:48.353,57.76,0.252,0.042,1.151,
1.65851E+12,2022-07-22T11:16:48.393,57.8,0.2,0.088,0.497,
1.65851E+12,2022-07-22T11:16:48.433,57.84,0.295,0.098,0.209,
1.65851E+12,2022-07-22T11:16:48.473,57.88,0.465,0.226,0.178,
1.65851E+12,2022-07-22T11:16:48.513,57.92,0.268,0.354,0.059,
1.65851E+12,2022-07-22T11:16:48.553,57.96,0.321,0.296,0.149,
1.65851E+12,2022-07-22T11:16:48.593,58,0.383,0.188,0.404,
1.65851E+12,2022-07-22T11:16:48.633,58.04,0.331,0.109,0.712,
1.65851E+12,2022-07-22T11:16:48.673,58.08,0.153,-0.071,0.908,
1.65851E+12,2022-07-22T11:16:48.713,58.12,-0.011,-0.155,1.087,
1.65851E+12,2022-07-22T11:16:48.753,58.16,-0.243,-0.348,1.141,
1.65851E+12,2022-07-22T11:16:48.793,58.2,-0.213,-0.576,1.047,
1.65851E+12,2022-07-22T11:16:48.833,58.24,-0.2,-0.885,0.876,
1.65851E+12,2022-07-22T11:16:48.873,58.28,-0.184,-1.119,0.776,
1.65851E+12,2022-07-22T11:16:48.913,58.32,-0.025,-1.493,0.778,
1.65851E+12,2022-07-22T11:16:48.953,58.36,0.085,-1.704,0.892,
1.65851E+12,2022-07-22T11:16:48.993,58.4,0.352,-1.827,0.945,
1.65851E+12,2022-07-22T11:16:49.033,58.44,0.579,-1.728,1.052,
1.65851E+12,2022-07-22T11:16:49.073,58.48,0.573,-1.409,0.88,
1.65851E+12,2022-07-22T11:16:49.113,58.52,0.457,-1.147,0.972,
1.65851E+12,2022-07-22T11:16:49.153,58.56,0.259,-0.851,0.88,
1.65851E+12,2022-07-22T11:16:49.193,58.6,-0.183,-0.767,0.844,
1.65851E+12,2022-07-22T11:16:49.233,58.64,-0.543,-0.7,0.793,
1.65851E+12,2022-07-22T11:16:49.273,58.68,-1.007,-0.541,0.579,
1.65851E+12,2022-07-22T11:16:49.313,58.72,-1.011,-0.328,0.555,
1.65851E+12,2022-07-22T11:16:49.353,58.76,-0.973,-0.108,0.325,
1.65851E+12,2022-07-22T11:16:49.393,58.8,-0.891,0.126,0.138,
1.65851E+12,2022-07-22T11:16:49.433,58.84,-0.684,0.136,0.074,
1.65851E+12,2022-07-22T11:16:49.473,58.88,-0.474,0.157,0.046,
1.65851E+12,2022-07-22T11:16:49.513,58.92,-0.388,0.201,0.06,
1.65851E+12,2022-07-22T11:16:49.553,58.96,-0.428,0.333,0.021,
1.65851E+12,2022-07-22T11:16:49.593,59,-0.617,0.418,0.144,
1.65851E+12,2022-07-22T11:16:49.633,59.04,-0.752,0.289,0.273,
1.65851E+12,2022-07-22T11:16:49.673,59.08,-0.989,0.184,0.391,
1.65851E+12,2022-07-22T11:16:49.713,59.12,-1.114,0.053,0.498,
1.65851E+12,2022-07-22T11:16:49.753,59.16,-0.95,-0.026,0.495,
1.65851E+12,2022-07-22T11:16:49.793,59.2,-0.824,0.116,0.56,
1.65851E+12,2022-07-22T11:16:49.833,59.24,-0.732,0.255,0.632,
1.65851E+12,2022-07-22T11:16:49.873,59.28,-0.701,0.263,0.682,
1.65851E+12,2022-07-22T11:16:49.913,59.32,-0.68,0.304,0.64,
1.65851E+12,2022-07-22T11:16:49.953,59.36,-0.678,0.341,0.743,
1.65851E+12,2022-07-22T11:16:49.993,59.4,-0.627,0.245,0.817,
1.65851E+12,2022-07-22T11:16:50.033,59.44,-0.548,0.216,0.746,
1.65851E+12,2022-07-22T11:16:50.073,59.48,-0.4,0.24,0.701,
1.65851E+12,2022-07-22T11:16:50.113,59.52,-0.384,0.244,0.734,
1.65851E+12,2022-07-22T11:16:50.153,59.56,-0.358,0.221,0.858,
1.65851E+12,2022-07-22T11:16:50.193,59.6,-0.417,0.229,0.872,
1.65851E+12,2022-07-22T11:16:50.233,59.64,-0.429,0.186,0.867,
1.65851E+12,2022-07-22T11:16:50.273,59.68,-0.508,0.19,0.834,
1.65851E+12,2022-07-22T11:16:50.313,59.72,-0.439,0.196,0.85,
1.65851E+12,2022-07-22T11:16:50.353,59.76,-0.424,0.2,0.917,
1.65851E+12,2022-07-22T11:16:50.393,59.8,-0.436,0.208,0.901,
1.65851E+12,2022-07-22T11:16:50.433,59.84,-0.443,0.195,0.862,
1.65851E+12,2022-07-22T11:16:50.473,59.88,-0.498,0.182,0.875,
1.65851E+12,2022-07-22T11:16:50.513,59.92,-0.548,0.173,0.852,
1.65851E+12,2022-07-22T11:16:50.553,59.96,-0.51,0.141,0.816,
1.65851E+12,2022-07-22T11:16:50.593,60,-0.44,0.147,0.79,
1.65851E+12,2022-07-22T11:16:50.633,60.04,-0.406,0.164,0.811,
1.65851E+12,2022-07-22T11:16:50.673,60.08,-0.441,0.231,0.859,
1.65851E+12,2022-07-22T11:16:50.713,60.12,-0.493,0.264,0.869,
1.65851E+12,2022-07-22T11:16:50.753,60.16,-0.464,0.219,0.854,
1.65851E+12,2022-07-22T11:16:50.793,60.2,-0.481,0.189,0.75,
1.65851E+12,2022-07-22T11:16:50.833,60.24,-0.408,0.159,0.645,
1.65851E+12,2022-07-22T11:16:50.873,60.28,-0.182,0.14,0.445,
1.65851E+12,2022-07-22T11:16:50.913,60.32,-0.214,0.055,0.316,
1.65851E+12,2022-07-22T11:16:50.953,60.36,-0.556,-0.107,0.392,
1.65851E+12,2022-07-22T11:16:50.993,60.4,-0.454,-0.208,0.423,
1.65851E+12,2022-07-22T11:16:51.033,60.44,-0.518,-0.407,0.352,
1.65851E+12,2022-07-22T11:16:51.073,60.48,-0.719,-0.574,0.286,
1.65851E+12,2022-07-22T11:16:51.113,60.52,-0.656,-0.726,0.258,
1.65851E+12,2022-07-22T11:16:51.153,60.56,-0.7,-1.089,0.154,
1.65851E+12,2022-07-22T11:16:51.193,60.6,-0.633,-1.274,0.002,
1.65851E+12,2022-07-22T11:16:51.233,60.64,-0.695,-1.45,0.06,
1.65851E+12,2022-07-22T11:16:51.273,60.68,-0.994,-1.389,-0.245,
1.65851E+12,2022-07-22T11:16:51.313,60.72,-0.908,-1.089,-0.563,
1.65851E+12,2022-07-22T11:16:51.353,60.76,-0.708,-0.887,-0.293,
1.65851E+12,2022-07-22T11:16:51.393,60.8,-0.354,-0.898,-0.044,
1.65851E+12,2022-07-22T11:16:51.433,60.84,-0.608,-0.921,-0.038,
1.65851E+12,2022-07-22T11:16:51.473,60.88,-0.595,-0.919,-0.013,
1.65851E+12,2022-07-22T11:16:51.513,60.92,-0.284,-1.013,0.129,
1.65851E+12,2022-07-22T11:16:51.553,60.96,-0.275,-1.017,0.035,
1.65851E+12,2022-07-22T11:16:51.593,61,-0.286,-0.987,-0.111,
1.65851E+12,2022-07-22T11:16:51.633,61.04,-0.118,-0.999,-0.07,
1.65851E+12,2022-07-22T11:16:51.673,61.08,-0.024,-0.988,0.002,
1.65851E+12,2022-07-22T11:16:51.713,61.12,-0.093,-0.97,0.073,
1.65851E+12,2022-07-22T11:16:51.753,61.16,-0.178,-0.933,0.067,
1.65851E+12,2022-07-22T11:16:51.793,61.2,-0.199,-0.952,0.042,
1.65851E+12,2022-07-22T11:16:51.833,61.24,-0.207,-0.974,0.034,
1.65851E+12,2022-07-22T11:16:51.873,61.28,-0.201,-0.965,0.015,
1.65851E+12,2022-07-22T11:16:51.913,61.32,-0.163,-0.963,0.017,
1.65851E+12,2022-07-22T11:16:51.953,61.36,-0.15,-0.971,0.033,
1.65851E+12,2022-07-22T11:16:51.993,61.4,-0.164,-0.967,0.065,
1.65851E+12,2022-07-22T11:16:52.033,61.44,-0.203,-0.963,0.076,
1.65851E+12,2022-07-22T11:16:52.073,61.48,-0.223,-0.971,0.076,
1.65851E+12,2022-07-22T11:16:52.113,61.52,-0.173,-0.964,0.068,
1.65851E+12,2022-07-22T11:16:52.153,61.56,-0.143,-0.952,0.073,
1.65851E+12,2022-07-22T11:16:52.193,61.6,-0.149,-0.945,0.079,
1.65851E+12,2022-07-22T11:16:52.233,61.64,-0.128,-0.94,0.084,
1.65851E+12,2022-07-22T11:16:52.273,61.68,-0.139,-0.953,0.113,
1.65851E+12,2022-07-22T11:16:52.313,61.72,-0.184,-0.956,0.128,
